<film copyable="0" duration="2.5" published="0" pshare="0" isWide="1"><meta><title><![CDATA[SDDGGFDGDFGFDB]]></title><tag/><hiddenTag><![CDATA[retro,Pamela]]></hiddenTag><desc/><mver><![CDATA[4]]></mver><studio>d7446f28669693f5b7a35d41831e43c3662c48bf</studio><thumbnail index="0"/><palette><color value="333333"/><color value="999999"/><color value="fbfbfb"/><color value="669999"/><color value="55bbaa"/><color value="7fbb11"/><color value="15709b"/><color value="9a5d1"/><color value="6ab8d6"/><color value="da2021"/><color value="fecd31"/><color value="28c6c1"/><color value="37444f"/></palette></meta><scene id="SCENE0" adelay="60" lock="N" index="0" color="16777215" guid="097A1D68-F547-AC39-463F-63412569355D" combgId="custom.cbg_barn_ext"><durationSetting countMinimum="1" countTransition="1" countAction="1" countBubble="1" countSpeech="1"/><bg id="cbg_barn_ext_BG2" index="0"><file>custom.barn_ext_bg.swf</file><dcsn>9701</dcsn><color r="ccColorA" oc="0x0">12732734</color></bg><char id="AVATOR138" index="6" raceCode="0"><action face="1" motionface="1">retro.Pamela.stand02.swf</action><x>417.1</x><y>229.125</y><xscale>1</xscale><yscale>1</yscale><rotation>0</rotation></char><bubbleAsset id="BUBBLE137" index="5"><x>521.65</x><y>90.8</y><xscale>1</xscale><yscale>1</yscale><rotation>0</rotation><fx>easeNone</fx><fxdur>0</fxdur><bubble x="-90" y="-45" w="180" h="90" rotate="0" type="BLANK" hasTail="0" colorStyle="1" autoTextResize="true"><body rgb="16777215" shadow="1" bgAlpha="0" linergb="0" tailx="90" taily="65" paddingHorizontal="0" paddingVertical="0"/><text rgb="0" alpha="100" font="Lilita One" size="75" align="center" bold="false" italic="false" embed="true"><![CDATA[DIE]]></text><url target="top"/></bubble></bubbleAsset><prop id="cbg_barn_ext_PROP1" index="2" attached="Y"><file>custom.barn_ext_fence.swf</file><x>303.4</x><y>355.1</y><xscale>1</xscale><yscale>1</yscale><face>1</face><rotation>0</rotation></prop><prop id="cbg_barn_ext_PROP0" index="1" attached="Y"><file>custom.barn_ext_hay.swf</file><x>158.4</x><y>295.1</y><xscale>1</xscale><yscale>1</yscale><face>1</face><rotation>0</rotation></prop><prop id="PROP7" index="4"><file>custom.cc_coffin.swf</file><x>310.95</x><y>150.05</y><xscale>1</xscale><yscale>1</yscale><face>1</face><rotation>0</rotation></prop><effectAsset id="EFFECT0" themecode="common" index="7"><effect x="0" y="0" w="550" h="310" rotate="0" id="cut" type="ZOOM" isCut="true" isPan="false"/><x>47</x><y>24</y><width>550</width><height>354</height><speech>0</speech></effectAsset></scene><sound id="SOUND0" index="0" track="0" vol="1" tts="0"><sfile>common.Always_On_My_Mind.mp3</sfile><start>1</start><stop>3375</stop><fadein duration="0" vol="0"/><fadeout duration="0" vol="0"/></sound></film>