<film copyable="0" duration="62.8" published="0" pshare="0" isWide="1">
  <meta>
    <title><![CDATA[nataka's death]]></title>
    <tag><![CDATA[]]></tag>
    <hiddenTag><![CDATA[]]></hiddenTag>
    <desc><![CDATA[]]></desc>
    <mver><![CDATA[4]]></mver>
    <studio>d7446f28669693f5b7a35d41831e43c3662c48bf</studio>
    <thumbnail index="0"/>
    <palette>
      <color value="333333"/>
      <color value="fbfbfb"/>
      <color value="669999"/>
      <color value="55bbaa"/>
      <color value="7fbb11"/>
      <color value="15709b"/>
      <color value="9a5d1"/>
      <color value="6ab8d6"/>
      <color value="da2021"/>
      <color value="fecd31"/>
      <color value="151515"/>
    </palette>
  </meta>
  <scene id="SCENE0" adelay="60" lock="N" index="0" color="16777215" guid="61F832C1-FE63-395E-1B6A-8970B34BF182" combgId="custom.cbg_bedroom">
    <durationSetting countMinimum="1" countTransition="1" countAction="1" countBubble="1" countSpeech="1"/>
    <bg id="cbg_bedroom_BG65" index="0">
      <file>custom.bedroom_bg.swf</file>
    </bg>
    <char id="AVATOR129" index="4" raceCode="1">
      <action face="-1" motionface="1">ugc.4780409.xarms.xml</action>
      <head id="PROP4" raceCode="1">
        <file>ugc.4780409.head.head_schemeing.xml</file>
      </head>
      <x>304.1</x>
      <y>211.7</y>
      <xscale>1</xscale>
      <yscale>1</yscale>
      <rotation>0</rotation>
    </char>
    <prop id="PROP124" index="3" attached="Y">
      <file>custom.bedroom_blanket_bed.swf</file>
      <x>434</x>
      <y>251</y>
      <xscale>1</xscale>
      <yscale>1</yscale>
      <face>1</face>
      <rotation>0</rotation>
    </prop>
    <prop id="PROP126" index="2" attached="Y">
      <file>custom.bedroom_lamp.swf</file>
      <x>422</x>
      <y>207</y>
      <xscale>1</xscale>
      <yscale>1</yscale>
      <face>1</face>
      <rotation>0</rotation>
    </prop>
    <prop id="PROP127" index="1" attached="Y">
      <file>custom.bedroom_drawer02.swf</file>
      <x>422.6</x>
      <y>280.7</y>
      <xscale>1</xscale>
      <yscale>1</yscale>
      <face>1</face>
      <rotation>0</rotation>
    </prop>
    <effectAsset id="EFFECT0" themecode="common" index="5">
      <effect x="0" y="0" w="550" h="310" rotate="0" id="cut" type="ZOOM" isCut="true" isPan="false"/>
      <x>47</x>
      <y>24</y>
      <width>550</width>
      <height>354</height>
      <speech>0</speech>
    </effectAsset>
  </scene>
  <scene id="SCENE1" adelay="60" lock="N" index="1" color="16777215" guid="2D2F532D-2980-CF8B-284D-CF994CB51D73">
    <durationSetting countMinimum="1" countTransition="1" countAction="1" countBubble="1" countSpeech="1"/>
    <bg id="cbg_bedroom_BG65" index="0">
      <file>custom.bedroom_bg.swf</file>
    </bg>
    <char id="AVATOR129" index="4" raceCode="1">
      <action face="1,1" motionface="1">ugc.4780409.walk.xml</action>
      <head id="PROP8" raceCode="1">
        <file>ugc.4780409.head.head_schemeing.xml</file>
      </head>
      <x>304.1,112.7425848</x>
      <y>211.7,292.6215307</y>
      <xscale>1,0.047846</xscale>
      <yscale>1,0.047846</yscale>
      <rotation>0,0</rotation>
      <assetMotion ver="2"/>
    </char>
    <prop id="PROP127" index="1" attached="Y">
      <file>custom.bedroom_drawer02.swf</file>
      <x>422.6</x>
      <y>280.7</y>
      <xscale>1</xscale>
      <yscale>1</yscale>
      <face>1</face>
      <rotation>0</rotation>
    </prop>
    <prop id="PROP126" index="2" attached="Y">
      <file>custom.bedroom_lamp.swf</file>
      <x>422</x>
      <y>207</y>
      <xscale>1</xscale>
      <yscale>1</yscale>
      <face>1</face>
      <rotation>0</rotation>
    </prop>
    <prop id="PROP124" index="3" attached="Y">
      <file>custom.bedroom_blanket_bed.swf</file>
      <x>434</x>
      <y>251</y>
      <xscale>1</xscale>
      <yscale>1</yscale>
      <face>1</face>
      <rotation>0</rotation>
    </prop>
    <effectAsset id="EFFECT0" themecode="common" index="5">
      <effect x="0" y="0" w="550" h="310" rotate="0" id="cut" type="ZOOM" isCut="true" isPan="false"/>
      <x>47</x>
      <y>24</y>
      <width>550</width>
      <height>354</height>
      <speech>0</speech>
    </effectAsset>
    <aTranList>
      <aTran id="0" target="AVATOR129" type="MotionPath" atype="Character" direction="2" section="6" timing="3" duration="24" delay="0">null</aTran>
    </aTranList>
  </scene>
  <scene id="SCENE2" adelay="114" lock="N" index="2" color="1381653" guid="FB730EC3-60A0-BC66-ABCC-8823283A0767">
    <durationSetting countMinimum="1" countTransition="1" countAction="1" countBubble="1" countSpeech="1"/>
    <bubbleAsset id="BUBBLE154" index="1">
      <x>322,321.975</x>
      <y>201.025,201</y>
      <xscale>1,8.9234127</xscale>
      <yscale>1,8.9234127</yscale>
      <rotation>-14.2047744,1.8361945</rotation>
      <fx>easeNone</fx>
      <fxdur>0</fxdur>
      <assetMotion ver="2"/>
      <bubble x="-28.2886434" y="-10" w="56.5772868" h="20" rotate="0" type="BLANK" hasTail="0" colorStyle="1" autoTextResize="true">
        <body rgb="16777215" shadow="1" bgAlpha="0" linergb="0" tailx="90" taily="65" paddingHorizontal="0" paddingVertical="0"/>
        <text rgb="16514043" alpha="100" font="Lilita One" size="4" align="center" bold="false" italic="false" embed="true"><![CDATA[When he... OH MY CUNTING FUCK! Oh, sorry... gets there...]]></text>
        <url target="blank"><![CDATA[http://youtu.be]]></url>
      </bubble>
    </bubbleAsset>
    <effectAsset id="EFFECT3" themecode="common" index="2">
      <effect x="0" y="0" w="550" h="310" rotate="0" id="cut" type="ZOOM" isCut="true" isPan="false"/>
      <x>47</x>
      <y>24</y>
      <width>550</width>
      <height>354</height>
      <speech>0</speech>
    </effectAsset>
    <aTranList>
      <aTran id="4" target="BUBBLE154" type="FESUnpack_1" atype="BubbleAsset" direction="0" section="5" timing="0" duration="12" delay="0">null</aTran>
      <aTran id="1" target="BUBBLE154" type="MotionPath" atype="BubbleAsset" direction="2" section="5" timing="3" duration="24" delay="6">null</aTran>
    </aTranList>
  </scene>
  <scene id="SCENE4" adelay="60" lock="N" index="3" color="16777215" guid="F23529EC-85D3-457B-4ADC-C0976C8C4C3C" combgId="custom.cbg_house_ext">
    <durationSetting countMinimum="1" countTransition="1" countAction="1" countBubble="1" countSpeech="1"/>
    <bg id="cbg_house_ext_BG2" index="0">
      <file>custom.house_ext_bg.swf</file>
    </bg>
    <char id="AVATOR168" index="1" raceCode="1">
      <action face="-1,-1" motionface="-1">ugc.4780409.grab2.xml</action>
      <head id="PROP19" raceCode="1">
        <file>ugc.4780409.head.head_schemeing.xml</file>
      </head>
      <x>106.9080216,534.8080216</x>
      <y>294.0619228,261.7619228</y>
      <xscale>0.6054937,0.4250811</xscale>
      <yscale>0.6054937,0.4250811</yscale>
      <rotation>0,0</rotation>
      <assetMotion ver="2"/>
    </char>
    <effectAsset id="EFFECT5" themecode="common" index="2">
      <effect x="0" y="0" w="550" h="310" rotate="0" id="cut" type="ZOOM" isCut="true" isPan="false"/>
      <x>47</x>
      <y>24</y>
      <width>550</width>
      <height>354</height>
      <speech>0</speech>
    </effectAsset>
    <aTranList>
      <aTran id="7" target="AVATOR168" type="MotionPath" atype="Character" direction="2" section="6" timing="3" duration="24" delay="0">null</aTran>
    </aTranList>
  </scene>
  <scene id="SCENE6" adelay="60" lock="N" index="4" color="16777215" guid="4F23296E-BB72-FB35-7B04-8AFE0280F969">
    <durationSetting countMinimum="1" countTransition="1" countAction="1" countBubble="1" countSpeech="1"/>
    <bg id="cbg_house_ext_BG2" index="0">
      <file>custom.house_ext_bg.swf</file>
    </bg>
    <char id="AVATOR168" index="1" raceCode="1">
      <action face="1,1" motionface="1">ugc.4780409.walk.xml</action>
      <head id="PROP22" raceCode="1">
        <file>ugc.4780409.head.head_schemeing.xml</file>
      </head>
      <x>534.8080216,341.1335489</x>
      <y>261.7619228,230.8882681</y>
      <xscale>0.4250811,0.268172</xscale>
      <yscale>0.4250811,0.268172</yscale>
      <rotation>0,0</rotation>
      <assetMotion ver="2"/>
    </char>
    <effectAsset id="EFFECT5" themecode="common" index="2">
      <effect x="0" y="0" w="550" h="310" rotate="0" id="cut" type="ZOOM" isCut="true" isPan="false"/>
      <x>47</x>
      <y>24</y>
      <width>550</width>
      <height>354</height>
      <speech>0</speech>
    </effectAsset>
    <aTranList>
      <aTran id="8" target="AVATOR168" type="MotionPath" atype="Character" direction="2" section="6" timing="3" duration="24" delay="0">null</aTran>
    </aTranList>
  </scene>
  <scene id="SCENE7" adelay="39" lock="Y" index="5" color="16777215" guid="F5E21BB3-3528-8AC1-45D4-DF84073E5CF8">
    <bg id="cbg_house_ext_BG2" index="0">
      <file>custom.house_ext_bg.swf</file>
    </bg>
    <char id="AVATOR168" index="1" raceCode="1">
      <action face="1" motionface="-1">ugc.4780409.pt_at.xml</action>
      <head id="PROP26" raceCode="1">
        <file>ugc.4780409.head.head_schemeing.xml</file>
      </head>
      <x>341.1335489</x>
      <y>230.8882681</y>
      <xscale>0.268172</xscale>
      <yscale>0.268172</yscale>
      <rotation>0</rotation>
    </char>
    <effectAsset id="EFFECT5" themecode="common" index="2">
      <effect x="0" y="0" w="550" h="310" rotate="0" id="cut" type="ZOOM" isCut="true" isPan="false"/>
      <x>47</x>
      <y>24</y>
      <width>550</width>
      <height>354</height>
      <speech>0</speech>
    </effectAsset>
  </scene>
  <scene id="SCENE8" adelay="60" lock="N" index="6" color="16777215" guid="28BE7826-B594-E07D-9EBF-77826E85D7D2">
    <durationSetting countMinimum="1" countTransition="1" countAction="1" countBubble="1" countSpeech="1"/>
    <bg id="cbg_house_ext_BG2" index="0">
      <file>custom.house_ext_bg.swf</file>
    </bg>
    <char id="AVATOR168" index="1" raceCode="1">
      <action face="1" motionface="1">ugc.4780409.dance.xml</action>
      <head id="PROP33" raceCode="1">
        <file>ugc.4780409.head.head_angry.xml</file>
      </head>
      <x>341.1335489</x>
      <y>230.8882681</y>
      <xscale>0.268172</xscale>
      <yscale>0.268172</yscale>
      <rotation>0</rotation>
    </char>
    <effectAsset id="EFFECT5" themecode="common" index="2">
      <effect x="0" y="0" w="550" h="310" rotate="0" id="cut" type="ZOOM" isCut="true" isPan="false"/>
      <x>47</x>
      <y>24</y>
      <width>550</width>
      <height>354</height>
      <speech>0</speech>
    </effectAsset>
  </scene>
  <scene id="SCENE9" adelay="60" lock="N" index="7" color="16777215" guid="4DC23EA0-F8AE-812F-D00F-471BB444A534">
    <durationSetting countMinimum="1" countTransition="1" countAction="1" countBubble="1" countSpeech="1"/>
    <bg id="cbg_house_ext_BG2" index="0">
      <file>custom.house_ext_bg.swf</file>
    </bg>
    <char id="AVATOR168" index="1" raceCode="1">
      <action face="1" motionface="1">ugc.4780409.xarms.xml</action>
      <head id="PROP34" raceCode="1">
        <file>ugc.4780409.head.head_angry.xml</file>
      </head>
      <x>341.1335489</x>
      <y>230.8882681</y>
      <xscale>0.268172</xscale>
      <yscale>0.268172</yscale>
      <rotation>0</rotation>
    </char>
    <effectAsset id="EFFECT5" themecode="common" index="2">
      <effect x="0" y="0" w="550" h="310" rotate="0" id="cut" type="ZOOM" isCut="true" isPan="false"/>
      <x>47</x>
      <y>24</y>
      <width>550</width>
      <height>354</height>
      <speech>0</speech>
    </effectAsset>
  </scene>
  <scene id="SCENE10" adelay="60" lock="N" index="8" color="16777215" guid="82CCC802-0760-26BE-4F92-7B5FD3947EB3">
    <durationSetting countMinimum="1" countTransition="1" countAction="1" countBubble="1" countSpeech="1"/>
    <bg id="cbg_house_ext_BG2" index="0">
      <file>custom.house_ext_bg.swf</file>
    </bg>
    <char id="AVATOR168" index="1" raceCode="1">
      <action face="1" motionface="1">ugc.4780409.xarms.xml</action>
      <head id="PROP37" raceCode="1">
        <file>ugc.4780409.head.head_schemeing.xml</file>
      </head>
      <x>341.1335489</x>
      <y>230.8882681</y>
      <xscale>0.268172</xscale>
      <yscale>0.268172</yscale>
      <rotation>0</rotation>
    </char>
    <effectAsset id="EFFECT5" themecode="common" index="2">
      <effect x="0" y="0" w="550" h="310" rotate="0" id="cut" type="ZOOM" isCut="true" isPan="false"/>
      <x>47</x>
      <y>24</y>
      <width>550</width>
      <height>354</height>
      <speech>0</speech>
    </effectAsset>
  </scene>
  <scene id="SCENE11" adelay="60" lock="N" index="9" color="16777215" guid="A4EA2F78-C4FE-012B-3148-A915A871A74E">
    <durationSetting countMinimum="1" countTransition="1" countAction="1" countBubble="1" countSpeech="1"/>
    <bg id="cbg_house_ext_BG2" index="0">
      <file>custom.house_ext_bg.swf</file>
    </bg>
    <char id="AVATOR168" index="1" raceCode="1">
      <action face="1" motionface="1">ugc.4780409.xarms.xml</action>
      <head id="PROP38" raceCode="1">
        <file>ugc.4780409.head.head_schemeing.xml</file>
      </head>
      <x>341.1335489</x>
      <y>230.8882681</y>
      <xscale>0.268172</xscale>
      <yscale>0.268172</yscale>
      <rotation>0</rotation>
    </char>
    <effectAsset id="EFFECT5" themecode="common" index="2">
      <effect x="0" y="0" w="550" h="310" rotate="0" id="cut" type="ZOOM" isCut="true" isPan="false"/>
      <x>47</x>
      <y>24</y>
      <width>550</width>
      <height>354</height>
      <speech>0</speech>
    </effectAsset>
  </scene>
  <scene id="SCENE12" adelay="75" lock="N" index="10" color="16777215" guid="0EE95BB3-0D69-7393-AAD4-BBDE54C77148" combgId="custom.cbg_living_room">
    <durationSetting countMinimum="1" countTransition="1" countAction="1" countBubble="1" countSpeech="1"/>
    <bg id="cbg_living_room_BG2" index="0">
      <file>custom.living_room_bg.swf</file>
    </bg>
    <char id="AVATOR168" index="2" raceCode="1">
      <action face="-1" motionface="1">ugc.4780409.xarms.xml</action>
      <head id="PROP39" raceCode="1">
        <file>ugc.4780409.head.head_schemeing.xml</file>
      </head>
      <x>347.3713809</x>
      <y>188.3036144</y>
      <xscale>0.8413653</xscale>
      <yscale>0.8413653</yscale>
      <rotation>0</rotation>
    </char>
    <char id="AVATOR225" index="3" raceCode="1">
      <action face="1" motionface="1">ugc.8e6d178.stand.xml</action>
      <x>432.0764191</x>
      <y>202.9734098</y>
      <xscale>0.7950886</xscale>
      <yscale>0.7950886</yscale>
      <rotation>0</rotation>
    </char>
    <prop id="cbg_living_room_PROP2" index="5" attached="Y">
      <file>custom.msp_TV_version.msp_TV_version_living_room_tv01.swf</file>
      <x>76.6</x>
      <y>283</y>
      <xscale>1</xscale>
      <yscale>1</yscale>
      <face>1</face>
      <rotation>0</rotation>
    </prop>
    <prop id="cbg_living_room_PROP1" index="4" attached="Y">
      <file>custom.living_room_sofa.swf</file>
      <x>369.6</x>
      <y>250</y>
      <xscale>1</xscale>
      <yscale>1</yscale>
      <face>1</face>
      <rotation>0</rotation>
    </prop>
    <prop id="cbg_living_room_PROP0" index="1" attached="Y">
      <file>custom.msp_living_rm_door.msp_living_rm_door_living_room_door_open.swf</file>
      <x>292.6</x>
      <y>129</y>
      <xscale>1</xscale>
      <yscale>1</yscale>
      <face>1</face>
      <rotation>0</rotation>
    </prop>
    <effectAsset id="EFFECT5" themecode="common" index="6">
      <effect x="0" y="0" w="550" h="310" rotate="0" id="cut" type="ZOOM" isCut="true" isPan="false"/>
      <x>47</x>
      <y>24</y>
      <width>550</width>
      <height>354</height>
      <speech>0</speech>
    </effectAsset>
  </scene>
  <scene id="SCENE13" adelay="60" lock="N" index="11" color="16777215" guid="D9F26348-F5BF-BEE6-B510-70E1B3B436D8">
    <durationSetting countMinimum="1" countTransition="1" countAction="1" countBubble="1" countSpeech="1"/>
    <bg id="cbg_living_room_BG2" index="0">
      <file>custom.living_room_bg.swf</file>
    </bg>
    <char id="AVATOR168" index="2" raceCode="1">
      <action face="-1" motionface="1">ugc.4780409.pt_at.xml</action>
      <head id="PROP44" raceCode="1">
        <file>ugc.4780409.head.head_schemeing.xml</file>
      </head>
      <x>347.3713809</x>
      <y>188.3036144</y>
      <xscale>0.8413653</xscale>
      <yscale>0.8413653</yscale>
      <rotation>0</rotation>
    </char>
    <char id="AVATOR225" index="3" raceCode="1">
      <action face="1,1" motionface="-1">ugc.8e6d178.stand.xml</action>
      <head id="PROP54" raceCode="1">
        <file>ugc.8e6d178.head.head_shocked.xml</file>
      </head>
      <x>432.0764191,548.8264191</x>
      <y>202.9734098,329.55</y>
      <xscale>0.7950886,0.782426</xscale>
      <yscale>0.7950886,0.782426</yscale>
      <rotation>0,55.5001754</rotation>
      <assetMotion ver="2"/>
    </char>
    <prop id="cbg_living_room_PROP0" index="1" attached="Y">
      <file>custom.msp_living_rm_door.msp_living_rm_door_living_room_door_open.swf</file>
      <x>292.6</x>
      <y>129</y>
      <xscale>1</xscale>
      <yscale>1</yscale>
      <face>1</face>
      <rotation>0</rotation>
    </prop>
    <prop id="cbg_living_room_PROP1" index="4" attached="Y">
      <file>custom.living_room_sofa.swf</file>
      <x>369.6</x>
      <y>250</y>
      <xscale>1</xscale>
      <yscale>1</yscale>
      <face>1</face>
      <rotation>0</rotation>
    </prop>
    <prop id="cbg_living_room_PROP2" index="5" attached="Y">
      <file>custom.msp_TV_version.msp_TV_version_living_room_tv01.swf</file>
      <x>76.6</x>
      <y>283</y>
      <xscale>1</xscale>
      <yscale>1</yscale>
      <face>1</face>
      <rotation>0</rotation>
    </prop>
    <effectAsset id="EFFECT5" themecode="common" index="6">
      <effect x="0" y="0" w="550" h="310" rotate="0" id="cut" type="ZOOM" isCut="true" isPan="false"/>
      <x>47</x>
      <y>24</y>
      <width>550</width>
      <height>354</height>
      <speech>0</speech>
    </effectAsset>
    <aTranList>
      <aTran id="9" target="AVATOR225" type="MotionPath" atype="Character" direction="2" section="5" timing="3" duration="24" delay="12">null</aTran>
    </aTranList>
  </scene>
  <scene id="SCENE15" adelay="219" lock="Y" index="12" color="16777215" guid="C5D908E3-BE3A-D256-8373-AFF65AFD6DC1">
    <bg id="cbg_living_room_BG2" index="0">
      <file>custom.living_room_bg.swf</file>
    </bg>
    <char id="AVATOR168" index="2" raceCode="1">
      <action face="-1" motionface="1">ugc.4780409.dance.xml</action>
      <head id="PROP57" raceCode="1">
        <file>ugc.4780409.head.head_schemeing.xml</file>
      </head>
      <x>347.3713809</x>
      <y>188.3036144</y>
      <xscale>0.8413653</xscale>
      <yscale>0.8413653</yscale>
      <rotation>0</rotation>
    </char>
    <char id="AVATOR225" index="3" raceCode="1">
      <action face="1" motionface="-1">ugc.8e6d178.stand.xml</action>
      <head id="PROP58" raceCode="1">
        <file>ugc.8e6d178.head.head_shocked.xml</file>
      </head>
      <x>548.8264191</x>
      <y>329.55</y>
      <xscale>0.782426</xscale>
      <yscale>0.782426</yscale>
      <rotation>55.5001754</rotation>
    </char>
    <prop id="cbg_living_room_PROP0" index="1" attached="Y">
      <file>custom.msp_living_rm_door.msp_living_rm_door_living_room_door_open.swf</file>
      <x>292.575,-7.85</x>
      <y>129.05,-94.55</y>
      <xscale>1,1</xscale>
      <yscale>1,1</yscale>
      <face>1,1</face>
      <rotation>0,-14.0540165</rotation>
      <assetMotion ver="2"/>
    </prop>
    <prop id="cbg_living_room_PROP1" index="4" attached="Y">
      <file>custom.living_room_sofa.swf</file>
      <x>369.6,236.05</x>
      <y>250,167.4</y>
      <xscale>1,1</xscale>
      <yscale>1,1</yscale>
      <face>1,1</face>
      <rotation>0,-49.3246809</rotation>
      <assetMotion ver="2"/>
    </prop>
    <prop id="cbg_living_room_PROP2" index="5" attached="Y">
      <file>custom.msp_TV_version.msp_TV_version_living_room_tv01.swf</file>
      <x>76.6,499.55</x>
      <y>283,330.8</y>
      <xscale>1,1.1099291</xscale>
      <yscale>1,1.1099291</yscale>
      <face>1,1</face>
      <rotation>0,0</rotation>
      <assetMotion ver="2"/>
    </prop>
    <effectAsset id="EFFECT5" themecode="common" index="8">
      <effect x="0" y="0" w="550" h="310" rotate="0" id="cut" type="ZOOM" isCut="true" isPan="false"/>
      <x>47</x>
      <y>24</y>
      <width>550</width>
      <height>354</height>
      <speech>0</speech>
    </effectAsset>
    <effectAsset id="EFFECT18" index="6">
      <effect id="ncc_sci004fx.swf" type="ANIME"/>
      <x>47</x>
      <y>24</y>
      <xscale>1</xscale>
      <yscale>1</yscale>
      <file>common.ncc_sci004fx.swf</file>
    </effectAsset>
    <effectAsset id="EFFECT20" index="7">
      <effect id="atomic-bomb.swf" type="ANIME"/>
      <x>47</x>
      <y>24</y>
      <xscale>1</xscale>
      <yscale>1</yscale>
      <file>common.atomic-bomb.swf</file>
    </effectAsset>
    <aTranList>
      <aTran id="10" target="cbg_living_room_PROP1" type="MotionPath" atype="Prop" direction="2" section="5" timing="3" duration="24" delay="0">null</aTran>
      <aTran id="11" target="cbg_living_room_PROP2" type="MotionPath" atype="Prop" direction="2" section="5" timing="3" duration="24" delay="0">null</aTran>
      <aTran id="12" target="cbg_living_room_PROP0" type="MotionPath" atype="Prop" direction="2" section="5" timing="3" duration="24" delay="0">null</aTran>
    </aTranList>
  </scene>
  <scene id="SCENE16" adelay="99" lock="Y" index="13" color="16777215" guid="B608A6DC-5DA7-A028-8984-2170EBB641ED">
    <bg id="cbg_living_room_BG2" index="0">
      <file>custom.living_room_bg.swf</file>
    </bg>
    <char id="AVATOR168" index="2" raceCode="1">
      <action face="-1,-1" motionface="-1">ugc.4780409.dance.xml</action>
      <head id="PROP69" raceCode="1">
        <file>ugc.4780409.head.head_schemeing.xml</file>
      </head>
      <x>347.3713809,487.1213809</x>
      <y>188.3036144,215.0036144</y>
      <xscale>0.8413653,0.9157405</xscale>
      <yscale>0.8413653,0.9157405</yscale>
      <rotation>0,11.5121931</rotation>
      <assetMotion ver="2"/>
    </char>
    <char id="AVATOR225" index="3" raceCode="1">
      <action face="1" motionface="1">ugc.8e6d178.stand.xml</action>
      <head id="PROP70" raceCode="1">
        <file>ugc.8e6d178.head.head_shocked.xml</file>
      </head>
      <x>548.8264191</x>
      <y>329.55</y>
      <xscale>0.782426</xscale>
      <yscale>0.782426</yscale>
      <rotation>55.5001754</rotation>
    </char>
    <prop id="cbg_living_room_PROP0" index="1" attached="Y">
      <file>custom.msp_living_rm_door.msp_living_rm_door_living_room_door_open.swf</file>
      <x>-7.85</x>
      <y>-94.55</y>
      <xscale>1</xscale>
      <yscale>1</yscale>
      <face>1</face>
      <rotation>-14.0540165</rotation>
    </prop>
    <prop id="cbg_living_room_PROP1" index="4" attached="Y">
      <file>custom.living_room_sofa.swf</file>
      <x>236.05,24.9</x>
      <y>167.4,297.2</y>
      <xscale>1,1</xscale>
      <yscale>1,1</yscale>
      <face>1,1</face>
      <rotation>-49.3246809,-151.0084771</rotation>
      <assetMotion ver="2"/>
    </prop>
    <prop id="cbg_living_room_PROP2" index="5" attached="Y">
      <file>custom.msp_TV_version.msp_TV_version_living_room_tv01.swf</file>
      <x>499.55</x>
      <y>330.8</y>
      <xscale>1.1099291</xscale>
      <yscale>1.1099291</yscale>
      <face>1</face>
      <rotation>0</rotation>
    </prop>
    <effectAsset id="EFFECT5" themecode="common" index="6">
      <effect x="0" y="0" w="550" h="310" rotate="0" id="cut" type="ZOOM" isCut="true" isPan="false"/>
      <x>47</x>
      <y>24</y>
      <width>550</width>
      <height>354</height>
      <speech>0</speech>
    </effectAsset>
    <aTranList>
      <aTran id="13" target="cbg_living_room_PROP1" type="MotionPath" atype="Prop" direction="2" section="5" timing="3" duration="12" delay="0">null</aTran>
      <aTran id="14" target="AVATOR168" type="MotionPath" atype="Character" direction="2" section="6" timing="3" duration="24" delay="0">null</aTran>
    </aTranList>
  </scene>
  <scene id="SCENE17" adelay="90" lock="N" index="14" color="16777215" guid="3B1B4783-95DF-A4B4-5555-04C006C19DEB">
    <durationSetting countMinimum="1" countTransition="1" countAction="1" countBubble="1" countSpeech="1"/>
    <bg id="cbg_living_room_BG2" index="0">
      <file>custom.living_room_bg.swf</file>
    </bg>
    <char id="AVATOR168" index="2" raceCode="1">
      <action face="-1" motionface="-1">ugc.4780409.dance.xml</action>
      <head id="PROP80" raceCode="1">
        <file>ugc.4780409.head.head_schemeing.xml</file>
      </head>
      <x>487.1213809</x>
      <y>215.0036144</y>
      <xscale>0.9157405</xscale>
      <yscale>0.9157405</yscale>
      <rotation>11.5121931</rotation>
    </char>
    <char id="AVATOR225" index="3" raceCode="1">
      <action face="1" motionface="1">ugc.8e6d178.stand.xml</action>
      <head id="PROP89" raceCode="1">
        <file>ugc.8e6d178.head.head_cry.xml</file>
      </head>
      <x>498.3907297</x>
      <y>356.85</y>
      <xscale>0.782426</xscale>
      <yscale>0.782426</yscale>
      <rotation>55.5001754</rotation>
    </char>
    <prop id="cbg_living_room_PROP0" index="1" attached="Y">
      <file>custom.msp_living_rm_door.msp_living_rm_door_living_room_door_open.swf</file>
      <x>-7.85</x>
      <y>-94.55</y>
      <xscale>1</xscale>
      <yscale>1</yscale>
      <face>1</face>
      <rotation>-14.0540165</rotation>
    </prop>
    <prop id="cbg_living_room_PROP1" index="4" attached="Y">
      <file>custom.living_room_sofa.swf</file>
      <x>24.9</x>
      <y>297.2</y>
      <xscale>1</xscale>
      <yscale>1</yscale>
      <face>1</face>
      <rotation>-151.0084771</rotation>
    </prop>
    <effectAsset id="EFFECT5" themecode="common" index="5">
      <effect x="0" y="0" w="231.5322581" h="130.5" rotate="0" id="cut" type="ZOOM" isCut="false" isPan="true"/>
      <x>365.4677419,453.8225806</x>
      <y>208.2387097,269.5729032</y>
      <width>231.5322581,143.1774194</width>
      <height>149.0225806,92.1541935</height>
      <speech>0</speech>
    </effectAsset>
  </scene>
  <scene id="SCENE18" adelay="93" lock="N" index="15" color="16777215" guid="95468409-98D8-1243-3724-104D2FF3D7BA">
    <durationSetting countMinimum="0" countTransition="0" countAction="0" countBubble="0" countSpeech="1"/>
    <bg id="cbg_living_room_BG2" index="0">
      <file>custom.living_room_bg.swf</file>
    </bg>
    <char id="AVATOR225" index="2" raceCode="1">
      <action face="1" motionface="1">ugc.8e6d178.stand.xml</action>
      <head id="PROP91" raceCode="1">
        <file>ugc.8e6d178.head.head_shocked.xml</file>
      </head>
      <x>548.8264191</x>
      <y>329.55</y>
      <xscale>0.782426</xscale>
      <yscale>0.782426</yscale>
      <rotation>55.5001754</rotation>
    </char>
    <char id="AVATOR323" index="4" raceCode="1">
      <action face="-1" motionface="1">ugc.4780409.dance.xml</action>
      <head id="PROP97" raceCode="1">
        <file>ugc.4780409.head.head_schemeing.xml</file>
      </head>
      <x>487.1213809</x>
      <y>215.0036144</y>
      <xscale>0.9157405</xscale>
      <yscale>0.9157405</yscale>
      <rotation>11.5121931</rotation>
    </char>
    <prop id="cbg_living_room_PROP0" index="1" attached="Y">
      <file>custom.msp_living_rm_door.msp_living_rm_door_living_room_door_open.swf</file>
      <x>-7.85</x>
      <y>-94.55</y>
      <xscale>1</xscale>
      <yscale>1</yscale>
      <face>1</face>
      <rotation>-14.0540165</rotation>
    </prop>
    <prop id="cbg_living_room_PROP1" index="3" attached="Y">
      <file>custom.living_room_sofa.swf</file>
      <x>236.05,24.9</x>
      <y>167.4,297.2</y>
      <xscale>1,1</xscale>
      <yscale>1,1</yscale>
      <face>1,1</face>
      <rotation>-49.3246809,-151.0084771</rotation>
      <assetMotion ver="2"/>
    </prop>
    <prop id="cbg_living_room_PROP2" index="5" attached="Y">
      <file>custom.msp_TV_version.msp_TV_version_living_room_tv01.swf</file>
      <x>499.55</x>
      <y>330.8</y>
      <xscale>1.1099291</xscale>
      <yscale>1.1099291</yscale>
      <face>1</face>
      <rotation>0</rotation>
    </prop>
    <effectAsset id="EFFECT5" themecode="common" index="6">
      <effect x="0" y="0" w="550" h="310" rotate="0" id="cut" type="ZOOM" isCut="true" isPan="false"/>
      <x>47</x>
      <y>24</y>
      <width>550</width>
      <height>354</height>
      <speech>0</speech>
    </effectAsset>
    <aTranList>
      <aTran id="13" target="cbg_living_room_PROP1" type="MotionPath" atype="Prop" direction="2" section="5" timing="3" duration="12" delay="0">null</aTran>
    </aTranList>
  </scene>
  <scene id="SCENE20" adelay="141" lock="N" index="16" color="1381653" guid="49DF5700-79C8-FD28-6F2D-E3A10107D8B7">
    <durationSetting countMinimum="1" countTransition="1" countAction="1" countBubble="1" countSpeech="1"/>
    <bubbleAsset id="BUBBLE162" index="1">
      <x>321.95</x>
      <y>201.025</y>
      <xscale>1</xscale>
      <yscale>1</yscale>
      <rotation>0</rotation>
      <fx>easeNone</fx>
      <fxdur>0</fxdur>
      <bubble x="-166.226718" y="-71.2751678" w="332.453436" h="142.5503356" rotate="0" type="BLANK" hasTail="0" colorStyle="1" autoTextResize="true">
        <body rgb="16777215" shadow="1" bgAlpha="0" linergb="0" tailx="90" taily="65" paddingHorizontal="0" paddingVertical="0"/>
        <text rgb="16514043" alpha="100" font="Lilita One" size="30" align="center" bold="false" italic="false" embed="true"><![CDATA[he killed her lolmoral of the story: don't mess with bugs!]]></text>
        <url target="top"><![CDATA[]]></url>
      </bubble>
    </bubbleAsset>
    <effectAsset id="EFFECT5" themecode="common" index="2">
      <effect x="0" y="0" w="550" h="310" rotate="0" id="cut" type="ZOOM" isCut="true" isPan="false"/>
      <x>47</x>
      <y>24</y>
      <width>550</width>
      <height>354</height>
      <speech>0</speech>
    </effectAsset>
    <aTranList>
      <aTran id="5" target="BUBBLE162" type="FETXYScale_18" atype="BubbleAsset" direction="0" section="5" timing="0" duration="24" delay="0">null</aTran>
    </aTranList>
  </scene>
  <scene id="SCENE3" adelay="96" lock="N" index="17" color="1381653" guid="62414A58-007B-FA30-36C1-D7534D06584C">
    <durationSetting countMinimum="1" countTransition="1" countAction="1" countBubble="1" countSpeech="1"/>
    <bubbleAsset id="BUBBLE162" index="2">
      <x>322</x>
      <y>272.55</y>
      <xscale>1</xscale>
      <yscale>1</yscale>
      <rotation>0</rotation>
      <fx>easeNone</fx>
      <fxdur>0</fxdur>
      <bubble x="-133.236715" y="-45" w="266.47343" h="90" rotate="0" type="BLANK" hasTail="0" colorStyle="1" autoTextResize="true">
        <body rgb="16777215" shadow="1" bgAlpha="0" linergb="0" tailx="90" taily="65" paddingHorizontal="0" paddingVertical="0"/>
        <text rgb="16514043" alpha="100" font="Lilita One" size="30" align="center" bold="false" italic="false" embed="true"><![CDATA[Happy Pride Month from the W:O Team!]]></text>
        <url target="top"><![CDATA[]]></url>
      </bubble>
    </bubbleAsset>
    <prop id="PROP16" index="1">
      <file>ugc.642eabc.png</file>
      <x>322</x>
      <y>170.5727191</y>
      <xscale>0.1545771</xscale>
      <yscale>0.1545771</yscale>
      <face>1</face>
      <rotation>0</rotation>
    </prop>
    <effectAsset id="EFFECT5" themecode="common" index="3">
      <effect x="0" y="0" w="550" h="310" rotate="0" id="cut" type="ZOOM" isCut="true" isPan="false"/>
      <x>47</x>
      <y>24</y>
      <width>550</width>
      <height>354</height>
      <speech>0</speech>
    </effectAsset>
    <aTranList>
      <aTran id="5" target="BUBBLE162" type="FETXYScale_18" atype="BubbleAsset" direction="0" section="5" timing="0" duration="24" delay="0">null</aTran>
      <aTran id="6" target="PROP16" type="SpritePopStar" atype="Prop" direction="0" section="5" timing="3" duration="24" delay="0">null</aTran>
    </aTranList>
  </scene>
  <sound id="SOUND24" index="0" track="0" vol="1" tts="0">
    <sfile>common.rockMain.swf</sfile>
    <start>769</start>
    <stop>984</stop>
    <trimEnd>216</trimEnd>
    <fadein duration="0" vol="0"/>
    <fadeout duration="0" vol="0"/>
  </sound>
  <sound id="SOUND2" index="1" track="0" vol="1" tts="0">
    <sfile>common.Ambient.mp3</sfile>
    <start>1</start>
    <stop>768</stop>
    <fadein duration="0" vol="0"/>
    <fadeout duration="0" vol="0"/>
  </sound>
  <sound id="SOUND7" index="2" track="1" vol="1" tts="0">
    <sfile>ugc.be23bb5.mp3</sfile>
    <start>352</start>
    <stop>390</stop>
    <trimStart>13</trimStart>
    <trimEnd>51</trimEnd>
    <fadein duration="0" vol="0"/>
    <fadeout duration="0" vol="0"/>
  </sound>
  <sound id="SOUND3" index="3" track="1" vol="1" tts="0">
    <sfile>common.musical_instru_logostin.swf</sfile>
    <start>121</start>
    <stop>252</stop>
    <fadein duration="0" vol="0"/>
    <fadeout duration="0" vol="0"/>
  </sound>
  <sound id="SOUND1" index="0" track="0" vol="1" tts="1">
    <sfile>ugc.4bed3c8.mp3</sfile>
    <start>1</start>
    <stop>42</stop>
    <fadein duration="0" vol="0"/>
    <fadeout duration="0" vol="0"/>
    <ttsdata>
      <type><![CDATA[tts]]></type>
      <text><![CDATA[I am going to murder Nataka.]]></text>
      <voice><![CDATA[joey]]></voice>
    </ttsdata>
  </sound>
  <sound id="SOUND5" index="1" track="0" vol="1" tts="1">
    <sfile>ugc.74a4011.mp3</sfile>
    <start>235</start>
    <stop>273</stop>
    <fadein duration="0" vol="0"/>
    <fadeout duration="0" vol="0"/>
    <ttsdata>
      <type><![CDATA[tts]]></type>
      <text><![CDATA[Muahahahahahahah..!!]]></text>
      <voice><![CDATA[joey]]></voice>
    </ttsdata>
  </sound>
  <sound id="SOUND10" index="2" track="0" vol="1" tts="1">
    <sfile>ugc.f89a4e6.mp3</sfile>
    <start>394</start>
    <stop>435</stop>
    <fadein duration="0" vol="0"/>
    <fadeout duration="0" vol="0"/>
    <ttsdata>
      <type><![CDATA[tts]]></type>
      <text><![CDATA[Let me in, right now!]]></text>
      <voice><![CDATA[joey]]></voice>
    </ttsdata>
  </sound>
  <sound id="SOUND14" index="3" track="0" vol="1" tts="1">
    <sfile>ugc.dd1be42.mp3</sfile>
    <start>454</start>
    <stop>498</stop>
    <fadein duration="0" vol="0"/>
    <fadeout duration="0" vol="0"/>
    <ttsdata>
      <type><![CDATA[tts]]></type>
      <text><![CDATA[Um, are you a murderer?]]></text>
      <voice><![CDATA[kimberly1]]></voice>
    </ttsdata>
  </sound>
  <sound id="SOUND16" index="4" track="0" vol="1" tts="1">
    <sfile>ugc.9483382.mp3</sfile>
    <start>514</start>
    <stop>567</stop>
    <fadein duration="0" vol="0"/>
    <fadeout duration="0" vol="0"/>
    <ttsdata>
      <type><![CDATA[tts]]></type>
      <text><![CDATA[I ain't a murderer, I'm a nice guy. ]]></text>
      <voice><![CDATA[joey]]></voice>
    </ttsdata>
  </sound>
  <sound id="SOUND18" index="5" track="0" vol="1" tts="1">
    <sfile>ugc.fc81b6e.mp3</sfile>
    <start>574</start>
    <stop>618</stop>
    <fadein duration="0" vol="0"/>
    <fadeout duration="0" vol="0"/>
    <ttsdata>
      <type><![CDATA[tts]]></type>
      <text><![CDATA[Alright, but don't kill me!]]></text>
      <voice><![CDATA[kimberly]]></voice>
    </ttsdata>
  </sound>
  <sound id="SOUND20" index="6" track="0" vol="1" tts="1">
    <sfile>ugc.73023c5.mp3</sfile>
    <start>634</start>
    <stop>708</stop>
    <fadein duration="0" vol="0"/>
    <fadeout duration="0" vol="0"/>
    <ttsdata>
      <type><![CDATA[tts]]></type>
      <text><![CDATA[Nice house you got there, would be a shame if I...]]></text>
      <voice><![CDATA[joey]]></voice>
    </ttsdata>
  </sound>
  <sound id="SOUND23" index="7" track="0" vol="4" tts="1">
    <sfile>ugc.c4f1c37.mp3</sfile>
    <start>709</start>
    <stop>732</stop>
    <fadein duration="0" vol="0"/>
    <fadeout duration="0" vol="0"/>
    <ttsdata>
      <type><![CDATA[tts]]></type>
      <text><![CDATA[Booooooooooooom!]]></text>
      <voice><![CDATA[joey]]></voice>
    </ttsdata>
  </sound>
  <sound id="SOUND27" index="8" track="0" vol="1" tts="1">
    <sfile>ugc.b1d1caf.mp3</sfile>
    <start>988</start>
    <stop>1026</stop>
    <fadein duration="0" vol="0"/>
    <fadeout duration="0" vol="0"/>
    <ttsdata>
      <type><![CDATA[tts]]></type>
      <text><![CDATA[Now it's time to kill you!]]></text>
      <voice><![CDATA[joey]]></voice>
    </ttsdata>
  </sound>
  <sound id="SOUND29" index="9" track="0" vol="1" tts="1">
    <sfile>ugc.cb2ae97.mp3</sfile>
    <start>1087</start>
    <stop>1176</stop>
    <fadein duration="0" vol="0"/>
    <fadeout duration="0" vol="0"/>
    <ttsdata>
      <type><![CDATA[tts]]></type>
      <text><![CDATA[You... liar! You said you weren't gonna kill me!]]></text>
      <voice><![CDATA[kimberly]]></voice>
    </ttsdata>
  </sound>
  <sound id="SOUND31" index="10" track="0" vol="1" tts="1">
    <sfile>ugc.e8ecbf2.mp3</sfile>
    <start>1177</start>
    <stop>1269</stop>
    <fadein duration="0" vol="0"/>
    <fadeout duration="0" vol="0"/>
    <ttsdata>
      <type><![CDATA[tts]]></type>
      <text><![CDATA[You really believed that? You dumbass! Let's go.]]></text>
      <voice><![CDATA[joey]]></voice>
    </ttsdata>
  </sound>
  <linkage>SOUND1,~~~AVATOR129,SCENE0~~~</linkage>
  <linkage>SOUND5,~~~AVATOR168,SCENE4~~~</linkage>
  <linkage>SOUND10,~~~AVATOR168,SCENE8~~~</linkage>
  <linkage>SOUND14,SCENE9~~~</linkage>
  <linkage>SOUND16,~~~AVATOR168,SCENE10~~~</linkage>
  <linkage>SOUND18,SCENE11~~~</linkage>
  <linkage>SOUND20,~~~AVATOR168,SCENE12~~~</linkage>
  <linkage>SOUND23,~~~AVATOR168,SCENE13~~~</linkage>
  <linkage>SOUND27,~~~AVATOR168,SCENE16~~~</linkage>
  <linkage>SOUND29,~~~AVATOR225,SCENE17~~~</linkage>
  <linkage>SOUND31,~~~AVATOR323,SCENE18~~~</linkage>
</film>