<film copyable="0" duration="2.5" published="0" pshare="0" isWide="1">
  <meta>
    <title><![CDATA[dracule]]></title>
    <tag><![CDATA[]]></tag>
    <hiddenTag><![CDATA[retro,joyce]]></hiddenTag>
    <desc><![CDATA[]]></desc>
    <mver><![CDATA[4]]></mver>
    <studio>d7446f28669693f5b7a35d41831e43c3662c48bf</studio>
    <thumbnail index="0"/>
    <palette>
      <color value="333333"/>
      <color value="999999"/>
      <color value="fbfbfb"/>
      <color value="669999"/>
      <color value="55bbaa"/>
      <color value="7fbb11"/>
      <color value="15709b"/>
      <color value="9a5d1"/>
      <color value="6ab8d6"/>
      <color value="da2021"/>
      <color value="fecd31"/>
      <color value="28c6c1"/>
      <color value="37444f"/>
    </palette>
  </meta>
  <scene id="SCENE0" adelay="60" lock="N" index="0" color="16777215" guid="340B31DC-87B4-B299-B82E-81F8768F353A" combgId="custom.cbg_bedroom">
    <durationSetting countMinimum="1" countTransition="1" countAction="1" countBubble="1" countSpeech="1"/>
    <bg id="cbg_bedroom_BG65" index="0">
      <file>custom.bedroom_bg.swf</file>
    </bg>
    <char id="AVATOR129" index="4" raceCode="1">
      <action face="1" motionface="1">ugc.8e6d178.stand.xml</action>
      <wear id="PROP8">
        <file>common.afro1.swf</file>
      </wear>
      <head id="PROP11">
        <file>retro.Dracula.head.head_happy.swf</file>
      </head>
      <x>326.3305913</x>
      <y>250.975</y>
      <xscale>1</xscale>
      <yscale>1</yscale>
      <rotation>0</rotation>
      <color r="ccColorA">3355443</color>
    </char>
    <char id="AVATOR136" index="5" raceCode="0">
      <action face="1" motionface="1">retro.joyce.stand.swf</action>
      <head id="PROP10">
        <file>retro.Dracula.head.head_happy.swf</file>
      </head>
      <x>129.05</x>
      <y>189</y>
      <xscale>1</xscale>
      <yscale>1</yscale>
      <rotation>0</rotation>
    </char>
    <prop id="PROP124" index="3" attached="Y">
      <file>custom.bedroom_blanket_bed.swf</file>
      <x>434</x>
      <y>251</y>
      <xscale>1</xscale>
      <yscale>1</yscale>
      <face>1</face>
      <rotation>0</rotation>
    </prop>
    <prop id="PROP126" index="2" attached="Y">
      <file>custom.bedroom_lamp.swf</file>
      <x>422</x>
      <y>207</y>
      <xscale>1</xscale>
      <yscale>1</yscale>
      <face>1</face>
      <rotation>0</rotation>
    </prop>
    <prop id="PROP127" index="1" attached="Y">
      <file>custom.bedroom_drawer02.swf</file>
      <x>422.6</x>
      <y>280.7</y>
      <xscale>1</xscale>
      <yscale>1</yscale>
      <face>1</face>
      <rotation>0</rotation>
    </prop>
    <effectAsset id="EFFECT0" themecode="common" index="6">
      <effect x="0" y="0" w="550" h="310" rotate="0" id="cut" type="ZOOM" isCut="true" isPan="false"/>
      <x>47</x>
      <y>24</y>
      <width>550</width>
      <height>354</height>
      <speech>0</speech>
    </effectAsset>
  </scene>
</film>