<film copyable="0" duration="41.0" published="1" pshare="0" isWide="1">
  <meta>
    <title><![CDATA[Nuked By GreenAnimate]]></title>
    <tag><![CDATA[]]></tag>
    <hiddenTag><![CDATA[]]></hiddenTag>
    <desc><![CDATA[]]></desc>
    <mver><![CDATA[4]]></mver>
    <studio>d7446f28669693f5b7a35d41831e43c3662c48bf</studio>
    <thumbnail index="0"/>
    <palette>
      <color value="333333"/>
      <color value="999999"/>
      <color value="fbfbfb"/>
      <color value="669999"/>
      <color value="55bbaa"/>
      <color value="7fbb11"/>
      <color value="15709b"/>
      <color value="9a5d1"/>
      <color value="6ab8d6"/>
      <color value="da2021"/>
      <color value="fecd31"/>
      <color value="28c6c1"/>
      <color value="37444f"/>
      <color value="591c03"/>
      <color value="593803"/>
    </palette>
  </meta>
  <scene id="SCENE0" adelay="378" lock="Y" index="0" color="16777215" guid="9F7FA58A-2BEB-5382-EBD2-D06C1893BA47" combgId="common.ncc_farmland">
    <bg id="ncc_farmland_cbg_ncc_outside01_BG7" index="0">
      <file>common.ncc_gradient.swf</file>
      <color r="colorC">8761404</color>
      <color r="colorA">14295073</color>
      <color r="colorB">5839875</color>
    </bg>
    <char id="AVATOR130" index="17" raceCode="1" faceCamera="true">
      <action face="1" motionface="1">ugc.327764516.grab.xml</action>
      <head id="PROP17" raceCode="1">
        <file>ugc.327764516.head.head_schemeing.xml</file>
      </head>
      <x>338.9753445</x>
      <y>340.6358241</y>
      <xscale>2.0263349</xscale>
      <yscale>2.0263349</yscale>
      <rotation>0</rotation>
    </char>
    <prop id="PROP367" index="1" attached="Y">
      <file>common.ncc_cloud.swf</file>
      <x>146</x>
      <y>74</y>
      <xscale>1</xscale>
      <yscale>1</yscale>
      <face>1</face>
      <rotation>0</rotation>
    </prop>
    <prop id="PROP366" index="2" attached="Y">
      <file>common.ncc_cloud.swf</file>
      <x>309</x>
      <y>95</y>
      <xscale>0.61</xscale>
      <yscale>0.56</yscale>
      <face>1</face>
      <rotation>0</rotation>
    </prop>
    <prop id="PROP377" index="3" attached="Y">
      <file>common.ncc_mountain_backdrop02.swf</file>
      <x>102</x>
      <y>219</y>
      <xscale>1</xscale>
      <yscale>0.84</yscale>
      <face>1</face>
      <rotation>0</rotation>
      <color r="ccColorA">3489073</color>
    </prop>
    <prop id="PROP376" index="4" attached="Y">
      <file>common.msp_nccha_driedtree.msp_nccha_driedtree_nccha_dried_tree01.swf</file>
      <x>465.9</x>
      <y>236.9</y>
      <xscale>0.4</xscale>
      <yscale>0.4</yscale>
      <face>1</face>
      <rotation>0</rotation>
      <color r="ccColorA">3355392</color>
    </prop>
    <prop id="PROP375" index="5" attached="Y">
      <file>common.msp_nccha_driedtree.msp_nccha_driedtree_nccha_dried_tree03.swf</file>
      <x>536</x>
      <y>207.9</y>
      <xscale>0.53</xscale>
      <yscale>0.53</yscale>
      <face>1</face>
      <rotation>0</rotation>
      <color r="ccColorA">3355392</color>
    </prop>
    <prop id="PROP374" index="6" attached="Y">
      <file>common.nccha_grave_prop01.swf</file>
      <x>328.15</x>
      <y>309.45</y>
      <xscale>1</xscale>
      <yscale>1</yscale>
      <face>1</face>
      <rotation>0</rotation>
      <color r="ccColorA">3355392</color>
    </prop>
    <prop id="PROP359" index="7" attached="Y">
      <file>common.msp_nccha_driedtree.msp_nccha_driedtree_nccha_dried_tree02.swf</file>
      <x>237</x>
      <y>228</y>
      <xscale>0.33</xscale>
      <yscale>0.33</yscale>
      <face>1</face>
      <rotation>0</rotation>
    </prop>
    <prop id="PROP358" index="8" attached="Y">
      <file>common.bushes.swf</file>
      <x>281</x>
      <y>261</y>
      <xscale>0.56</xscale>
      <yscale>0.56</yscale>
      <face>1</face>
      <rotation>0</rotation>
      <color r="ccColorA">6710784</color>
    </prop>
    <prop id="PROP365" index="9" attached="Y">
      <file>common.ncc_tree02.swf</file>
      <x>128</x>
      <y>232</y>
      <xscale>0.51</xscale>
      <yscale>0.51</yscale>
      <face>1</face>
      <rotation>0</rotation>
      <color r="ccColorB">10053120</color>
    </prop>
    <prop id="PROP364" index="10" attached="Y">
      <file>common.ncc_tree02.swf</file>
      <x>67</x>
      <y>234</y>
      <xscale>0.54</xscale>
      <yscale>0.54</yscale>
      <face>1</face>
      <rotation>0</rotation>
      <color r="ccColorB">6710784</color>
    </prop>
    <prop id="PROP363" index="11" attached="Y">
      <file>common.ncc_tree02.swf</file>
      <x>108</x>
      <y>241</y>
      <xscale>0.37</xscale>
      <yscale>0.37</yscale>
      <face>1</face>
      <rotation>0</rotation>
      <color r="ccColorB">10053120</color>
    </prop>
    <prop id="PROP361" index="12" attached="Y">
      <file>common.bushes.swf</file>
      <x>130</x>
      <y>265</y>
      <xscale>0.76</xscale>
      <yscale>0.76</yscale>
      <face>1</face>
      <rotation>0</rotation>
      <color r="ccColorA">10053120</color>
    </prop>
    <prop id="PROP362" index="13" attached="Y">
      <file>common.bushes.swf</file>
      <x>72</x>
      <y>267</y>
      <xscale>1</xscale>
      <yscale>1</yscale>
      <face>1</face>
      <rotation>0</rotation>
      <color r="ccColorA">10066176</color>
    </prop>
    <prop id="PROP360" index="14" attached="Y">
      <file>common.ncc_tree02.swf</file>
      <x>59</x>
      <y>207</y>
      <xscale>0.75</xscale>
      <yscale>0.86</yscale>
      <face>1</face>
      <rotation>0</rotation>
      <color r="ccColorB">6710784</color>
    </prop>
    <prop id="PROP357" index="15" attached="Y">
      <file>common.bushes.swf</file>
      <x>35</x>
      <y>274</y>
      <xscale>0.99</xscale>
      <yscale>0.99</yscale>
      <face>1</face>
      <rotation>0</rotation>
      <color r="ccColorA">10066176</color>
    </prop>
    <prop id="PROP18" index="16">
      <file>ugc.5c7e0ab.swf</file>
      <x>328.1</x>
      <y>309.425</y>
      <xscale>1</xscale>
      <yscale>1</yscale>
      <face>1</face>
      <rotation>0</rotation>
    </prop>
    <effectAsset id="EFFECT1" index="18">
      <effect id="ncc_sci004fx.swf" type="ANIME"/>
      <x>47</x>
      <y>24</y>
      <xscale>1</xscale>
      <yscale>1</yscale>
      <file>common.ncc_sci004fx.swf</file>
    </effectAsset>
    <effectAsset id="EFFECT0" themecode="common" index="19">
      <effect x="0" y="0" w="550" h="310" rotate="0" id="cut" type="ZOOM" isCut="true" isPan="false"/>
      <x>47</x>
      <y>24</y>
      <width>550</width>
      <height>354</height>
      <speech>0</speech>
    </effectAsset>
  </scene>
  <scene id="SCENE1" adelay="60" lock="N" index="1" color="16777215" guid="204F56CA-F8A5-00ED-FA64-2C7841C7A219">
    <durationSetting countMinimum="1" countTransition="1" countAction="1" countBubble="1" countSpeech="1"/>
    <bg id="ncc_farmland_cbg_ncc_outside01_BG7" index="0">
      <file>common.ncc_gradient.swf</file>
      <color r="colorC">8761404</color>
      <color r="colorA">14295073</color>
      <color r="colorB">5839875</color>
    </bg>
    <char id="AVATOR130" index="17" raceCode="1" faceCamera="true">
      <action face="1,1" motionface="1">ugc.327764516.grab.xml</action>
      <head id="PROP35" raceCode="1">
        <file>ugc.327764516.head.head_schemeing.xml</file>
      </head>
      <x>338.9753445,330.65</x>
      <y>340.6358241,328.475</y>
      <xscale>2.0263349,1.706666</xscale>
      <yscale>2.0263349,1.706666</yscale>
      <rotation>0,0</rotation>
      <assetMotion ver="2"/>
    </char>
    <prop id="PROP367" index="1" attached="Y">
      <file>common.ncc_cloud.swf</file>
      <x>146</x>
      <y>74</y>
      <xscale>1</xscale>
      <yscale>1</yscale>
      <face>1</face>
      <rotation>0</rotation>
    </prop>
    <prop id="PROP366" index="2" attached="Y">
      <file>common.ncc_cloud.swf</file>
      <x>309</x>
      <y>95</y>
      <xscale>0.61</xscale>
      <yscale>0.56</yscale>
      <face>1</face>
      <rotation>0</rotation>
    </prop>
    <prop id="PROP377" index="3" attached="Y">
      <file>common.ncc_mountain_backdrop02.swf</file>
      <x>102</x>
      <y>219</y>
      <xscale>1</xscale>
      <yscale>0.84</yscale>
      <face>1</face>
      <rotation>0</rotation>
      <color r="ccColorA">3489073</color>
    </prop>
    <prop id="PROP376" index="4" attached="Y">
      <file>common.msp_nccha_driedtree.msp_nccha_driedtree_nccha_dried_tree01.swf</file>
      <x>465.9</x>
      <y>236.9</y>
      <xscale>0.4</xscale>
      <yscale>0.4</yscale>
      <face>1</face>
      <rotation>0</rotation>
      <color r="ccColorA">3355392</color>
    </prop>
    <prop id="PROP375" index="5" attached="Y">
      <file>common.msp_nccha_driedtree.msp_nccha_driedtree_nccha_dried_tree03.swf</file>
      <x>536</x>
      <y>207.9</y>
      <xscale>0.53</xscale>
      <yscale>0.53</yscale>
      <face>1</face>
      <rotation>0</rotation>
      <color r="ccColorA">3355392</color>
    </prop>
    <prop id="PROP374" index="6" attached="Y">
      <file>common.nccha_grave_prop01.swf</file>
      <x>328.15</x>
      <y>309.45</y>
      <xscale>1</xscale>
      <yscale>1</yscale>
      <face>1</face>
      <rotation>0</rotation>
      <color r="ccColorA">3355392</color>
    </prop>
    <prop id="PROP359" index="7" attached="Y">
      <file>common.msp_nccha_driedtree.msp_nccha_driedtree_nccha_dried_tree02.swf</file>
      <x>237</x>
      <y>228</y>
      <xscale>0.33</xscale>
      <yscale>0.33</yscale>
      <face>1</face>
      <rotation>0</rotation>
    </prop>
    <prop id="PROP358" index="8" attached="Y">
      <file>common.bushes.swf</file>
      <x>281</x>
      <y>261</y>
      <xscale>0.56</xscale>
      <yscale>0.56</yscale>
      <face>1</face>
      <rotation>0</rotation>
      <color r="ccColorA">6710784</color>
    </prop>
    <prop id="PROP365" index="9" attached="Y">
      <file>common.ncc_tree02.swf</file>
      <x>128</x>
      <y>232</y>
      <xscale>0.51</xscale>
      <yscale>0.51</yscale>
      <face>1</face>
      <rotation>0</rotation>
      <color r="ccColorB">10053120</color>
    </prop>
    <prop id="PROP364" index="10" attached="Y">
      <file>common.ncc_tree02.swf</file>
      <x>67</x>
      <y>234</y>
      <xscale>0.54</xscale>
      <yscale>0.54</yscale>
      <face>1</face>
      <rotation>0</rotation>
      <color r="ccColorB">6710784</color>
    </prop>
    <prop id="PROP363" index="11" attached="Y">
      <file>common.ncc_tree02.swf</file>
      <x>108</x>
      <y>241</y>
      <xscale>0.37</xscale>
      <yscale>0.37</yscale>
      <face>1</face>
      <rotation>0</rotation>
      <color r="ccColorB">10053120</color>
    </prop>
    <prop id="PROP361" index="12" attached="Y">
      <file>common.bushes.swf</file>
      <x>130</x>
      <y>265</y>
      <xscale>0.76</xscale>
      <yscale>0.76</yscale>
      <face>1</face>
      <rotation>0</rotation>
      <color r="ccColorA">10053120</color>
    </prop>
    <prop id="PROP362" index="13" attached="Y">
      <file>common.bushes.swf</file>
      <x>72</x>
      <y>267</y>
      <xscale>1</xscale>
      <yscale>1</yscale>
      <face>1</face>
      <rotation>0</rotation>
      <color r="ccColorA">10066176</color>
    </prop>
    <prop id="PROP360" index="14" attached="Y">
      <file>common.ncc_tree02.swf</file>
      <x>59</x>
      <y>207</y>
      <xscale>0.75</xscale>
      <yscale>0.86</yscale>
      <face>1</face>
      <rotation>0</rotation>
      <color r="ccColorB">6710784</color>
    </prop>
    <prop id="PROP357" index="15" attached="Y">
      <file>common.bushes.swf</file>
      <x>35</x>
      <y>274</y>
      <xscale>0.99</xscale>
      <yscale>0.99</yscale>
      <face>1</face>
      <rotation>0</rotation>
      <color r="ccColorA">10066176</color>
    </prop>
    <prop id="PROP18" index="16">
      <file>ugc.5c7e0ab.swf</file>
      <x>328.1</x>
      <y>309.425</y>
      <xscale>1</xscale>
      <yscale>1</yscale>
      <face>1</face>
      <rotation>0</rotation>
    </prop>
    <effectAsset id="EFFECT1" index="18">
      <effect id="ncc_sci004fx.swf" type="ANIME"/>
      <x>47</x>
      <y>24</y>
      <xscale>1</xscale>
      <yscale>1</yscale>
      <file>common.ncc_sci004fx.swf</file>
    </effectAsset>
    <effectAsset id="EFFECT0" themecode="common" index="19">
      <effect x="0" y="0" w="550" h="310" rotate="0" id="cut" type="ZOOM" isCut="false" isPan="true"/>
      <x>47,119.15</x>
      <y>24,80.7692727</y>
      <width>550,399.7</width>
      <height>354,257.2614545</height>
      <speech>0</speech>
    </effectAsset>
    <aTranList>
      <aTran id="0" target="AVATOR130" type="MotionPath" atype="Character" direction="2" section="6" timing="3" duration="24" delay="0">null</aTran>
    </aTranList>
  </scene>
  <scene id="SCENE2" adelay="99" lock="Y" index="2" color="16777215" guid="EA5EA014-DA49-BE3A-0A85-E41B13DC8344">
    <bg id="ncc_farmland_cbg_ncc_outside01_BG7" index="0">
      <file>common.ncc_gradient.swf</file>
      <color r="colorC">8761404</color>
      <color r="colorA">14295073</color>
      <color r="colorB">5839875</color>
    </bg>
    <char id="AVATOR130" index="17" raceCode="1" faceCamera="true">
      <action face="1,1" motionface="1">ugc.327764516.grab.xml</action>
      <head id="PROP53" raceCode="1">
        <file>ugc.327764516.head.head_schemeing.xml</file>
      </head>
      <x>330.65,326.525</x>
      <y>328.475,363.925</y>
      <xscale>1.706666,2.3873276</xscale>
      <yscale>1.706666,2.3873276</yscale>
      <rotation>0,0</rotation>
      <assetMotion ver="2"/>
    </char>
    <prop id="PROP367" index="1" attached="Y">
      <file>common.ncc_cloud.swf</file>
      <x>146</x>
      <y>74</y>
      <xscale>1</xscale>
      <yscale>1</yscale>
      <face>1</face>
      <rotation>0</rotation>
    </prop>
    <prop id="PROP366" index="2" attached="Y">
      <file>common.ncc_cloud.swf</file>
      <x>309</x>
      <y>95</y>
      <xscale>0.61</xscale>
      <yscale>0.56</yscale>
      <face>1</face>
      <rotation>0</rotation>
    </prop>
    <prop id="PROP377" index="3" attached="Y">
      <file>common.ncc_mountain_backdrop02.swf</file>
      <x>102</x>
      <y>219</y>
      <xscale>1</xscale>
      <yscale>0.84</yscale>
      <face>1</face>
      <rotation>0</rotation>
      <color r="ccColorA">3489073</color>
    </prop>
    <prop id="PROP376" index="4" attached="Y">
      <file>common.msp_nccha_driedtree.msp_nccha_driedtree_nccha_dried_tree01.swf</file>
      <x>465.9</x>
      <y>236.9</y>
      <xscale>0.4</xscale>
      <yscale>0.4</yscale>
      <face>1</face>
      <rotation>0</rotation>
      <color r="ccColorA">3355392</color>
    </prop>
    <prop id="PROP375" index="5" attached="Y">
      <file>common.msp_nccha_driedtree.msp_nccha_driedtree_nccha_dried_tree03.swf</file>
      <x>536</x>
      <y>207.9</y>
      <xscale>0.53</xscale>
      <yscale>0.53</yscale>
      <face>1</face>
      <rotation>0</rotation>
      <color r="ccColorA">3355392</color>
    </prop>
    <prop id="PROP374" index="6" attached="Y">
      <file>common.nccha_grave_prop01.swf</file>
      <x>328.15</x>
      <y>309.45</y>
      <xscale>1</xscale>
      <yscale>1</yscale>
      <face>1</face>
      <rotation>0</rotation>
      <color r="ccColorA">3355392</color>
    </prop>
    <prop id="PROP359" index="7" attached="Y">
      <file>common.msp_nccha_driedtree.msp_nccha_driedtree_nccha_dried_tree02.swf</file>
      <x>237</x>
      <y>228</y>
      <xscale>0.33</xscale>
      <yscale>0.33</yscale>
      <face>1</face>
      <rotation>0</rotation>
    </prop>
    <prop id="PROP358" index="8" attached="Y">
      <file>common.bushes.swf</file>
      <x>281</x>
      <y>261</y>
      <xscale>0.56</xscale>
      <yscale>0.56</yscale>
      <face>1</face>
      <rotation>0</rotation>
      <color r="ccColorA">6710784</color>
    </prop>
    <prop id="PROP365" index="9" attached="Y">
      <file>common.ncc_tree02.swf</file>
      <x>128</x>
      <y>232</y>
      <xscale>0.51</xscale>
      <yscale>0.51</yscale>
      <face>1</face>
      <rotation>0</rotation>
      <color r="ccColorB">10053120</color>
    </prop>
    <prop id="PROP364" index="10" attached="Y">
      <file>common.ncc_tree02.swf</file>
      <x>67</x>
      <y>234</y>
      <xscale>0.54</xscale>
      <yscale>0.54</yscale>
      <face>1</face>
      <rotation>0</rotation>
      <color r="ccColorB">6710784</color>
    </prop>
    <prop id="PROP363" index="11" attached="Y">
      <file>common.ncc_tree02.swf</file>
      <x>108</x>
      <y>241</y>
      <xscale>0.37</xscale>
      <yscale>0.37</yscale>
      <face>1</face>
      <rotation>0</rotation>
      <color r="ccColorB">10053120</color>
    </prop>
    <prop id="PROP361" index="12" attached="Y">
      <file>common.bushes.swf</file>
      <x>130</x>
      <y>265</y>
      <xscale>0.76</xscale>
      <yscale>0.76</yscale>
      <face>1</face>
      <rotation>0</rotation>
      <color r="ccColorA">10053120</color>
    </prop>
    <prop id="PROP362" index="13" attached="Y">
      <file>common.bushes.swf</file>
      <x>72</x>
      <y>267</y>
      <xscale>1</xscale>
      <yscale>1</yscale>
      <face>1</face>
      <rotation>0</rotation>
      <color r="ccColorA">10066176</color>
    </prop>
    <prop id="PROP360" index="14" attached="Y">
      <file>common.ncc_tree02.swf</file>
      <x>59</x>
      <y>207</y>
      <xscale>0.75</xscale>
      <yscale>0.86</yscale>
      <face>1</face>
      <rotation>0</rotation>
      <color r="ccColorB">6710784</color>
    </prop>
    <prop id="PROP357" index="15" attached="Y">
      <file>common.bushes.swf</file>
      <x>35</x>
      <y>274</y>
      <xscale>0.99</xscale>
      <yscale>0.99</yscale>
      <face>1</face>
      <rotation>0</rotation>
      <color r="ccColorA">10066176</color>
    </prop>
    <prop id="PROP18" index="16">
      <file>ugc.5c7e0ab.swf</file>
      <x>328.1</x>
      <y>309.425</y>
      <xscale>1</xscale>
      <yscale>1</yscale>
      <face>1</face>
      <rotation>0</rotation>
    </prop>
    <effectAsset id="EFFECT1" index="18">
      <effect id="ncc_sci004fx.swf" type="ANIME"/>
      <x>47</x>
      <y>24</y>
      <xscale>1</xscale>
      <yscale>1</yscale>
      <file>common.ncc_sci004fx.swf</file>
    </effectAsset>
    <effectAsset id="EFFECT0" themecode="common" index="19">
      <effect x="0" y="0" w="399.7" h="225.2854545" rotate="0" id="cut" type="ZOOM" isCut="false" isPan="true"/>
      <x>119.15,47</x>
      <y>80.7692727,24</y>
      <width>399.7,550</width>
      <height>257.2614545,354</height>
      <speech>0</speech>
    </effectAsset>
    <aTranList>
      <aTran id="2" target="AVATOR130" type="Fade" atype="Character" direction="1" section="5" timing="3" duration="24" delay="0">null</aTran>
      <aTran id="1" target="AVATOR130" type="MotionPath" atype="Character" direction="2" section="6" timing="3" duration="24" delay="0">null</aTran>
    </aTranList>
  </scene>
  <scene id="SCENE3" adelay="18" lock="Y" index="3" color="16777215" guid="6B039CAF-F8A0-04E1-7F76-4E7FA8ED61D9">
    <bg id="ncc_farmland_cbg_ncc_outside01_BG7" index="0">
      <file>common.ncc_gradient.swf</file>
      <color r="colorC">8761404</color>
      <color r="colorA">14295073</color>
      <color r="colorB">5839875</color>
    </bg>
    <prop id="PROP366" index="1" attached="Y">
      <file>common.ncc_cloud.swf</file>
      <x>309</x>
      <y>95</y>
      <xscale>0.61</xscale>
      <yscale>0.56</yscale>
      <face>1</face>
      <rotation>0</rotation>
    </prop>
    <prop id="PROP377" index="2" attached="Y">
      <file>common.ncc_mountain_backdrop02.swf</file>
      <x>102</x>
      <y>219</y>
      <xscale>1</xscale>
      <yscale>0.84</yscale>
      <face>1</face>
      <rotation>0</rotation>
      <color r="ccColorA">3489073</color>
    </prop>
    <prop id="PROP376" index="3" attached="Y">
      <file>common.msp_nccha_driedtree.msp_nccha_driedtree_nccha_dried_tree01.swf</file>
      <x>465.9</x>
      <y>236.9</y>
      <xscale>0.4</xscale>
      <yscale>0.4</yscale>
      <face>1</face>
      <rotation>0</rotation>
      <color r="ccColorA">3355392</color>
    </prop>
    <prop id="PROP375" index="4" attached="Y">
      <file>common.msp_nccha_driedtree.msp_nccha_driedtree_nccha_dried_tree03.swf</file>
      <x>536</x>
      <y>207.9</y>
      <xscale>0.53</xscale>
      <yscale>0.53</yscale>
      <face>1</face>
      <rotation>0</rotation>
      <color r="ccColorA">3355392</color>
    </prop>
    <prop id="PROP374" index="5" attached="Y">
      <file>common.nccha_grave_prop01.swf</file>
      <x>328.15</x>
      <y>309.45</y>
      <xscale>1</xscale>
      <yscale>1</yscale>
      <face>1</face>
      <rotation>0</rotation>
      <color r="ccColorA">3355392</color>
    </prop>
    <prop id="PROP359" index="6" attached="Y">
      <file>common.msp_nccha_driedtree.msp_nccha_driedtree_nccha_dried_tree02.swf</file>
      <x>237</x>
      <y>228</y>
      <xscale>0.33</xscale>
      <yscale>0.33</yscale>
      <face>1</face>
      <rotation>0</rotation>
    </prop>
    <prop id="PROP358" index="7" attached="Y">
      <file>common.bushes.swf</file>
      <x>281</x>
      <y>261</y>
      <xscale>0.56</xscale>
      <yscale>0.56</yscale>
      <face>1</face>
      <rotation>0</rotation>
      <color r="ccColorA">6710784</color>
    </prop>
    <prop id="PROP18" index="8">
      <file>ugc.5c7e0ab.swf</file>
      <x>328.1</x>
      <y>309.4</y>
      <xscale>1</xscale>
      <yscale>1</yscale>
      <face>1</face>
      <rotation>0</rotation>
    </prop>
    <effectAsset id="EFFECT1" index="9">
      <effect id="ncc_sci004fx.swf" type="ANIME"/>
      <x>47</x>
      <y>24</y>
      <xscale>1</xscale>
      <yscale>1</yscale>
      <file>common.ncc_sci004fx.swf</file>
    </effectAsset>
    <effectAsset id="EFFECT0" themecode="common" index="10">
      <effect x="0" y="0" w="550" h="310" rotate="0" id="cut" type="ZOOM" isCut="true" isPan="false"/>
      <x>47</x>
      <y>24</y>
      <width>550</width>
      <height>354</height>
      <speech>0</speech>
    </effectAsset>
    <aTranList>
      <aTran id="3" target="PROP18" type="Fade" atype="Prop" direction="1" section="5" timing="0" duration="24" delay="0">null</aTran>
    </aTranList>
  </scene>
  <scene id="SCENE4" adelay="429" lock="Y" index="4" color="16777215" guid="E02BCC10-3205-CDA8-5926-A3976C73A257">
    <bg id="ncc_farmland_cbg_ncc_outside01_BG7" index="0">
      <file>common.ncc_gradient.swf</file>
      <color r="colorC">8761404</color>
      <color r="colorA">3355443</color>
      <color r="colorB">5847043</color>
    </bg>
    <prop id="PROP377" index="1" attached="Y">
      <file>common.ncc_mountain_backdrop02.swf</file>
      <x>102</x>
      <y>219</y>
      <xscale>1</xscale>
      <yscale>0.84</yscale>
      <face>1</face>
      <rotation>0</rotation>
      <color r="ccColorA">3489073</color>
    </prop>
    <prop id="PROP376" index="2" attached="Y">
      <file>common.msp_nccha_driedtree.msp_nccha_driedtree_nccha_dried_tree01.swf</file>
      <x>465.9</x>
      <y>236.9</y>
      <xscale>0.4</xscale>
      <yscale>0.4</yscale>
      <face>1</face>
      <rotation>0</rotation>
      <color r="ccColorA">3355392</color>
    </prop>
    <prop id="PROP375" index="3" attached="Y">
      <file>common.msp_nccha_driedtree.msp_nccha_driedtree_nccha_dried_tree03.swf</file>
      <x>536</x>
      <y>207.9</y>
      <xscale>0.53</xscale>
      <yscale>0.53</yscale>
      <face>1</face>
      <rotation>0</rotation>
      <color r="ccColorA">3355392</color>
    </prop>
    <prop id="PROP374" index="4" attached="Y">
      <file>common.nccha_grave_prop01.swf</file>
      <x>328.15</x>
      <y>309.45</y>
      <xscale>1</xscale>
      <yscale>1</yscale>
      <face>1</face>
      <rotation>0</rotation>
      <color r="ccColorA">3355392</color>
    </prop>
    <prop id="PROP359" index="5" attached="Y">
      <file>common.msp_nccha_driedtree.msp_nccha_driedtree_nccha_dried_tree02.swf</file>
      <x>237</x>
      <y>228</y>
      <xscale>0.33</xscale>
      <yscale>0.33</yscale>
      <face>1</face>
      <rotation>0</rotation>
    </prop>
    <effectAsset id="EFFECT0" themecode="common" index="6">
      <effect x="0" y="0" w="550" h="310" rotate="0" id="cut" type="ZOOM" isCut="true" isPan="false"/>
      <x>47</x>
      <y>24</y>
      <width>550</width>
      <height>354</height>
      <speech>0</speech>
    </effectAsset>
  </scene>
  <sound id="SOUND0" index="0" track="0" vol="1" tts="0">
    <sfile>ugc.19634f7.mp3</sfile>
    <start>1</start>
    <stop>555</stop>
    <trimEnd>555</trimEnd>
    <fadein duration="0" vol="0.9500000000000001"/>
    <fadeout duration="15" vol="0"/>
  </sound>
  <sound id="SOUND6" index="1" track="1" vol="1" tts="0">
    <sfile>ugc.5e82d7b.mp3</sfile>
    <start>1</start>
    <stop>2073</stop>
    <fadein duration="0" vol="0"/>
    <fadeout duration="0" vol="0"/>
  </sound>
</film>