<cc_char xscale="0.8" yscale="0.8" hxscale="1.2" hyscale="1.2" headdx="0" headdy="0"><color r="ccSkinColor" oc="0xFFE1C4">0xC87B39</color><color r="ccEyeLib">0xC87B39</color><color r="ccEyeIris">0x000000</color><color r="ccGlassesFrame">0x00FF3F</color><color r="ccGlassesLens">0x737373</color><color r="ccMouthLip">0x891258</color><color r="ccMustache">0x000000</color><color r="ccBeard">0xFFFFFF</color><color r="ccEyebrow">0x030000</color><color r="ccUpperMain" oc="0x336699">0x00FF3F</color><color r="ccUpperMinor" oc="0xE5E5E5">0x06992A</color><color r="ccLowerMain" oc="0xCCBC9A">0x087BF6</color><color r="ccLowerMinor" oc="0xEEEEEE">0x087BF6</color><color r="ccHairMajor">0x353517</color><color r="ccDecMajor" targetComponent="ID2639">0xC508DD</color><component type="bodyshape" component_id="adam" theme_id="family" x="0" y="0" xscale="1" yscale="1" offset="0" rotation="0" gobucks="0" gopoints="0"/><component type="skeleton" component_id="adam_001" theme_id="family" x="0" y="0" xscale="1" yscale="1" offset="0" rotation="0" gobucks="0" gopoints="0"/><component type="faceshape" component_id="037" theme_id="family" x="0" y="2" xscale="1.07" yscale="1.07" offset="0" rotation="0" gobucks="0" gopoints="0"/><component type="hair" component_id="011" theme_id="family" x="0" y="3" xscale="1.04" yscale="1.04" offset="0" rotation="0" gobucks="0" gopoints="0"/><component id="ID2639" type="facedecoration" component_id="068" theme_id="family" x="2" y="26" xscale="1.28" yscale="1.28" offset="0" rotation="0" gobucks="0" gopoints="0"/><component type="nose" component_id="002" theme_id="family" x="-1" y="-1" xscale="0.87" yscale="0.87" offset="0" rotation="0" gobucks="0" gopoints="0"/><component type="eye" component_id="001" theme_id="family" x="0" y="4" xscale="0.74" yscale="0.74" offset="0" rotation="0" gobucks="0" gopoints="0"/><component type="mouth" component_id="001" theme_id="family" x="-1" y="2" xscale="1" yscale="1" offset="0" rotation="0" gobucks="0" gopoints="0"/><component type="eyebrow" component_id="102" theme_id="family" x="0" y="7" xscale="1" yscale="1" offset="0" rotation="0" gobucks="0" gopoints="0"/><component type="glasses" component_id="005" theme_id="family" x="0" y="4" xscale="0.98" yscale="0.98" offset="0" rotation="0" gobucks="0" gopoints="0"/><component type="ear" component_id="006" theme_id="family" x="-5" y="6" xscale="1.15" yscale="1.15" offset="0" rotation="0" gobucks="0" gopoints="0"/><component type="lower_body" component_id="adam_009" theme_id="family" x="0" y="0" xscale="1" yscale="1" offset="0" rotation="0" gobucks="0" gopoints="0"/><component type="upper_body" component_id="adam_002" theme_id="family" x="0" y="0" xscale="1" yscale="1" offset="0" rotation="0" gobucks="0" gopoints="0"/></cc_char>