<cc_char><color r="ccSkinColor" oc="0xFFE1C4">0xFFD6C4</color><color r="ccEyeLib">0xFFD6C4</color><color r="ccEyeIris">0x003333</color><color r="ccGlassesFrame">0x000000</color><color r="ccGlassesLens">0x846116</color><color r="ccMouthLip">0xCA8730</color><color r="ccMustache">0x222222</color><color r="ccBeard">0x360202</color><color r="ccEyebrow">0x222222</color><color r="ccHairMajor">0x222222</color><color r="ccHairMinor">0xC1BFB8</color><color r="ccUpperMain" oc="0x336699">0xFFFFFF</color><color r="ccUpperMinor" oc="0xE5E5E5">0x999999</color><color r="ccLowerMain" oc="0xCCBC9A">0x666666</color><color r="ccLowerMinor" oc="0xEEEEEE">0x333333</color><component type="bodyshape" component_id="bob" theme_id="family" x="0" y="0" xscale="1" yscale="1" offset="0" rotation="0" gobucks="0" gopoints="0"/><component type="skeleton" component_id="bob_001" theme_id="family" x="0" y="0" xscale="1" yscale="1" offset="0" rotation="0" gobucks="0" gopoints="0"/><component type="eye" component_id="004" theme_id="family" x="0" y="-3" xscale="1" yscale="1" offset="0" rotation="0" gobucks="0" gopoints="0"/><component type="ear" component_id="004" theme_id="family" x="0" y="0" xscale="1" yscale="1" offset="0" rotation="0" gobucks="0" gopoints="0"/><component type="upper_body" component_id="bob_017" theme_id="family" x="0" y="0" xscale="1" yscale="1" offset="0" rotation="0" gobucks="100" gopoints="0"/><component type="lower_body" component_id="bob_001" theme_id="family" x="0" y="0" xscale="1" yscale="1" offset="0" rotation="0" gobucks="40" gopoints="0"/><component id="ID6430" type="facedecoration" component_id="031" theme_id="family" x="2" y="8" xscale="1" yscale="1" offset="0" rotation="0" gobucks="5" gopoints="0"/><component type="hair" component_id="001" theme_id="family" x="1" y="0" xscale="1" yscale="1" offset="0" rotation="0" gobucks="0" gopoints="0"/><component type="mustache" component_id="002" theme_id="family" x="3" y="-2" xscale="1.69" yscale="1.04" offset="0" rotation="0" gobucks="5" gopoints="0"/><component type="nose" component_id="024" theme_id="family" x="-7" y="2" xscale="1.34" yscale="0.97" offset="0" rotation="18" gobucks="0" gopoints="0"/><component type="mouth" component_id="001" theme_id="family" x="-7" y="-5" xscale="0.9" yscale="0.87" offset="0" rotation="5" gobucks="0" gopoints="0"/><component type="eyebrow" component_id="003" theme_id="family" x="1" y="-6" xscale="1" yscale="1" offset="0" rotation="-8" gobucks="0" gopoints="0"/><component type="faceshape" component_id="031" theme_id="family" x="3" y="-3" xscale="1.06" yscale="0.9" offset="0" rotation="0" gobucks="0" gopoints="0"/></cc_char>