<?xml version="1.0" encoding="utf-8"?><theme id="ugc" name="ugc"><char id="a847397" enc_asset_id="a847397" name="Untitled" cc_theme_id="family" thumbnail_url="char_default.png" copyable="Y"><tags></tags></char><char id="a847397" enc_asset_id="a847397" name="Untitled" cc_theme_id="family" thumbnail_url="char_default.png" copyable="Y"><tags></tags></char><char id="a847397" enc_asset_id="a847397" name="Untitled" cc_theme_id="family" thumbnail_url="char_default.png" copyable="Y"><tags></tags></char><char id="a847397" enc_asset_id="a847397" name="Untitled" cc_theme_id="family" thumbnail_url="char_default.png" copyable="Y"><tags></tags></char><char id="a847397" enc_asset_id="a847397" name="Untitled" cc_theme_id="family" thumbnail_url="char_default.png" copyable="Y"><tags></tags></char><char id="943d4db" enc_asset_id="943d4db" name="Untitled" cc_theme_id="family" thumbnail_url="char_default.png" copyable="Y"><tags></tags></char><char id="a847397" enc_asset_id="a847397" name="Untitled" cc_theme_id="family" thumbnail_url="char_default.png" copyable="Y"><tags></tags></char><char id="943d4db" enc_asset_id="943d4db" name="Untitled" cc_theme_id="family" thumbnail_url="char_default.png" copyable="Y"><tags></tags></char><char id="a847397" enc_asset_id="a847397" name="Untitled" cc_theme_id="family" thumbnail_url="char_default.png" copyable="Y"><tags></tags></char><char id="943d4db" enc_asset_id="943d4db" name="Untitled" cc_theme_id="family" thumbnail_url="char_default.png" copyable="Y"><tags></tags></char><char id="a847397" enc_asset_id="a847397" name="Untitled" cc_theme_id="family" thumbnail_url="char_default.png" copyable="Y"><tags></tags></char><char id="943d4db" enc_asset_id="943d4db" name="Untitled" cc_theme_id="family" thumbnail_url="char_default.png" copyable="Y"><tags></tags></char><char id="a847397" enc_asset_id="a847397" name="Untitled" cc_theme_id="family" thumbnail_url="char_default.png" copyable="Y"><tags></tags></char><char id="a847397" enc_asset_id="a847397" name="Untitled" cc_theme_id="family" thumbnail_url="char_default.png" copyable="Y"><tags></tags></char><sound subtype="tts" id="189d8ba.mp3" enc_asset_id="189d8ba.mp3" name="[Justin] yo what it The Super Awesome Gaming Guy 2015 yes superman and batman no" enable="Y" duration="4519" downloadtype="progressive"/><sound subtype="tts" id="ff49606.mp3" enc_asset_id="ff49606.mp3" name="[Justin] today we will be some talking about bad user yoshi master 114 who made expose video on ham not found my user" enable="Y" duration="7236" downloadtype="progressive"/><sound subtype="tts" id="ab93849.mp3" enc_asset_id="ab93849.mp3" name="[Justin] he bought child sex slaves from the deep dark web like pedophile ane i have proof from ham not found slash slash hugo animation tv vr" enable="Y" duration="8020" downloadtype="progressive"/><sound subtype="tts" id="0e0fb6b.mp3" enc_asset_id="0e0fb6b.mp3" name="[Justin] let me bring my best friend on stage maybe he will explain some stuff lol be" enable="Y" duration="3997" downloadtype="progressive"/><sound subtype="tts" id="ef378a9.mp3" enc_asset_id="ef378a9.mp3" name="[Joey] Hi Guy" enable="Y" duration="731" downloadtype="progressive"/><sound subtype="tts" id="d682ce6.mp3" enc_asset_id="d682ce6.mp3" name="[Justin] shut the fuck up" enable="Y" duration="993" downloadtype="progressive"/><sound subtype="tts" id="3ec9ac0.mp3" enc_asset_id="3ec9ac0.mp3" name="[Justin] so anyways guy i forgot what i was talking about i hope you enjoy video goodbye" enable="Y" duration="4650" downloadtype="progressive"/><sound subtype="tts" id="021007d.mp3" enc_asset_id="021007d.mp3" name="[Justin] i so awesome i so awesome i so awesome i so awesome i so awesome i so awesome i so awesome i so awesome i so awesome i so awesome i so awesome i so awesome i so awesome i so awesom" enable="Y" duration="10710" downloadtype="progressive"/></theme>