<?xml version="1.0" encoding="utf-8"?><theme id="ugc" name="ugc"><char id="327764516" enc_asset_id="327764516" name="Untitled" cc_theme_id="family" thumbnail_url="char_default.png" copyable="Y"><tags/></char><prop subtype="0" id="5c7e0ab.swf" enc_asset_id="5c7e0ab.swf" name="realbomb.swf" enable="Y" holdable="0" headable="0" placeable="1" facing="left" width="0" height="0" asset_url="/assets/5c7e0ab.swf"/><char id="327764516" enc_asset_id="327764516" name="Untitled" cc_theme_id="family" thumbnail_url="char_default.png" copyable="Y"><tags/></char><prop subtype="0" id="5c7e0ab.swf" enc_asset_id="5c7e0ab.swf" name="realbomb.swf" enable="Y" holdable="0" headable="0" placeable="1" facing="left" width="0" height="0" asset_url="/assets/5c7e0ab.swf"/><char id="327764516" enc_asset_id="327764516" name="Untitled" cc_theme_id="family" thumbnail_url="char_default.png" copyable="Y"><tags/></char><prop subtype="0" id="5c7e0ab.swf" enc_asset_id="5c7e0ab.swf" name="realbomb.swf" enable="Y" holdable="0" headable="0" placeable="1" facing="left" width="0" height="0" asset_url="/assets/5c7e0ab.swf"/><prop subtype="0" id="5c7e0ab.swf" enc_asset_id="5c7e0ab.swf" name="realbomb.swf" enable="Y" holdable="0" headable="0" placeable="1" facing="left" width="0" height="0" asset_url="/assets/5c7e0ab.swf"/><sound subtype="bgmusic" id="19634f7.mp3" enc_asset_id="19634f7.mp3" name="Pumped Up Kicks.mp3" enable="Y" duration="239952" downloadtype="progressive"/><sound subtype="bgmusic" id="5e82d7b.mp3" enc_asset_id="5e82d7b.mp3" name="TDIYE Scary.mp3" enable="Y" duration="86376" downloadtype="progressive"/></theme>