<?xml version="1.0" encoding="utf-8"?><theme id="ugc" name="ugc"><char id="4780409" enc_asset_id="4780409" name="Untitled" cc_theme_id="family" thumbnail_url="char_default.png" copyable="Y"><tags/></char><char id="4780409" enc_asset_id="4780409" name="Untitled" cc_theme_id="family" thumbnail_url="char_default.png" copyable="Y"><tags/></char><char id="4780409" enc_asset_id="4780409" name="Untitled" cc_theme_id="family" thumbnail_url="char_default.png" copyable="Y"><tags/></char><char id="4780409" enc_asset_id="4780409" name="Untitled" cc_theme_id="family" thumbnail_url="char_default.png" copyable="Y"><tags/></char><char id="4780409" enc_asset_id="4780409" name="Untitled" cc_theme_id="family" thumbnail_url="char_default.png" copyable="Y"><tags/></char><char id="4780409" enc_asset_id="4780409" name="Untitled" cc_theme_id="family" thumbnail_url="char_default.png" copyable="Y"><tags/></char><char id="4780409" enc_asset_id="4780409" name="Untitled" cc_theme_id="family" thumbnail_url="char_default.png" copyable="Y"><tags/></char><char id="4780409" enc_asset_id="4780409" name="Untitled" cc_theme_id="family" thumbnail_url="char_default.png" copyable="Y"><tags/></char><char id="4780409" enc_asset_id="4780409" name="Untitled" cc_theme_id="family" thumbnail_url="char_default.png" copyable="Y"><tags/></char><char id="4780409" enc_asset_id="4780409" name="Untitled" cc_theme_id="family" thumbnail_url="char_default.png" copyable="Y"><tags/></char><char id="8e6d178" enc_asset_id="8e6d178" name="Untitled" cc_theme_id="family" thumbnail_url="char_default.png" copyable="Y"><tags/></char><char id="4780409" enc_asset_id="4780409" name="Untitled" cc_theme_id="family" thumbnail_url="char_default.png" copyable="Y"><tags/></char><char id="8e6d178" enc_asset_id="8e6d178" name="Untitled" cc_theme_id="family" thumbnail_url="char_default.png" copyable="Y"><tags/></char><char id="4780409" enc_asset_id="4780409" name="Untitled" cc_theme_id="family" thumbnail_url="char_default.png" copyable="Y"><tags/></char><char id="8e6d178" enc_asset_id="8e6d178" name="Untitled" cc_theme_id="family" thumbnail_url="char_default.png" copyable="Y"><tags/></char><char id="4780409" enc_asset_id="4780409" name="Untitled" cc_theme_id="family" thumbnail_url="char_default.png" copyable="Y"><tags/></char><char id="8e6d178" enc_asset_id="8e6d178" name="Untitled" cc_theme_id="family" thumbnail_url="char_default.png" copyable="Y"><tags/></char><char id="4780409" enc_asset_id="4780409" name="Untitled" cc_theme_id="family" thumbnail_url="char_default.png" copyable="Y"><tags/></char><char id="8e6d178" enc_asset_id="8e6d178" name="Untitled" cc_theme_id="family" thumbnail_url="char_default.png" copyable="Y"><tags/></char><char id="8e6d178" enc_asset_id="8e6d178" name="Untitled" cc_theme_id="family" thumbnail_url="char_default.png" copyable="Y"><tags/></char><char id="4780409" enc_asset_id="4780409" name="Untitled" cc_theme_id="family" thumbnail_url="char_default.png" copyable="Y"><tags/></char><prop subtype="0" id="642eabc.png" enc_asset_id="642eabc.png" name="footsexualemoji.png" enable="Y" holdable="0" headable="0" placeable="1" facing="left" width="0" height="0" asset_url="/assets/642eabc.png"/><sound subtype="soundeffect" id="be23bb5.mp3" enc_asset_id="be23bb5.mp3" name="Metal Crash.mp3" enable="Y" duration="13296" downloadtype="progressive"/><sound subtype="tts" id="4bed3c8.mp3" enc_asset_id="4bed3c8.mp3" name="[Joey (PO)] I am going to murder Nataka." enable="Y" duration="1776" downloadtype="progressive"/><sound subtype="tts" id="74a4011.mp3" enc_asset_id="74a4011.mp3" name="[Joey (PO)] Muahahahahahahah..!!" enable="Y" duration="1584" downloadtype="progressive"/><sound subtype="tts" id="f89a4e6.mp3" enc_asset_id="f89a4e6.mp3" name="[Joey (PO)] Let me in, right now!" enable="Y" duration="1704" downloadtype="progressive"/><sound subtype="tts" id="dd1be42.mp3" enc_asset_id="dd1be42.mp3" name="[Kimberly (RL)] Um, are you a murderer?" enable="Y" duration="1855" downloadtype="progressive"/><sound subtype="tts" id="9483382.mp3" enc_asset_id="9483382.mp3" name="[Joey (PO)] I ain't a murderer, I'm a nice guy. " enable="Y" duration="2256" downloadtype="progressive"/><sound subtype="tts" id="fc81b6e.mp3" enc_asset_id="fc81b6e.mp3" name="[Kimberly] Alright, but don't kill me!" enable="Y" duration="1920" downloadtype="progressive"/><sound subtype="tts" id="73023c5.mp3" enc_asset_id="73023c5.mp3" name="[Joey (PO)] Nice house you got there, would be a shame if I..." enable="Y" duration="3072" downloadtype="progressive"/><sound subtype="tts" id="c4f1c37.mp3" enc_asset_id="c4f1c37.mp3" name="[Joey (PO)] Booooooooooooom!" enable="Y" duration="1008" downloadtype="progressive"/><sound subtype="tts" id="b1d1caf.mp3" enc_asset_id="b1d1caf.mp3" name="[Joey (PO)] Now it's time to kill you!" enable="Y" duration="1632" downloadtype="progressive"/><sound subtype="tts" id="cb2ae97.mp3" enc_asset_id="cb2ae97.mp3" name="[Kimberly] You... liar! You said you weren't gonna kill me!" enable="Y" duration="3720" downloadtype="progressive"/><sound subtype="tts" id="e8ecbf2.mp3" enc_asset_id="e8ecbf2.mp3" name="[Joey (PO)] You really believed that? You dumbass! Let's go." enable="Y" duration="3888" downloadtype="progressive"/></theme>