<?xml version="1.0" encoding="utf-8"?><cc_char xscale='1' yscale='1' hxscale='1' hyscale='1' headdx='0' headdy='0'><color r="ccSkinColor" oc="0xFFE1C4">0xFEBD9D</color><color r="ccEyeLib">0xCC9966</color><color r="ccEyeIris">0x480808</color><color r="ccGlassesFrame">0x000000</color><color r="ccGlassesLens">0xD8E8E8</color><color r="ccMouthLip">0xCA5F30</color><color r="ccMustache">0x996666</color><color r="ccBeard">0x663300</color><color r="ccEyebrow">0x640F0F</color><color r="ccHairMajor">0x663300</color><color r="ccHairMinor">0x8B6F18</color><color r="ccUpperMain" oc="0x336699">0x0B3573</color><color r="ccUpperMinor" oc="0xE5E5E5">0x797979</color><color r="ccLowerMain" oc="0xCCBC9A">0x404040</color><color r="ccLowerMinor" oc="0xEEEEEE">0x000000</color><component type="bodyshape" component_id="adam" theme_id="family" x="0" y="0" xscale="1" yscale="1" offset="0" rotation="0"/><component type="skeleton" component_id="adam_001" theme_id="family" x="0" y="0" xscale="1" yscale="1" offset="0" rotation="0"/><component type="upper_body" component_id="adam_001" theme_id="family" x="0" y="0" xscale="1" yscale="1" offset="0" rotation="0"/><component type="lower_body" component_id="adam_001" theme_id="family" x="0" y="0" xscale="1" yscale="1" offset="0" rotation="0"/><component type="eyebrow" component_id="003" theme_id="family" x="-1" y="7" xscale="1.22" yscale="1" offset="-3" rotation="7"/><component type="faceshape" component_id="031" theme_id="family" x="-1" y="4" xscale="1.03" yscale="1.08" offset="0" rotation="0"/><component type="hair" component_id="067" theme_id="family" x="1" y="-6" xscale="0.95" yscale="0.89" offset="0" rotation="-3"/><component type="ear" component_id="001" theme_id="family" x="-4" y="8" xscale="1.08" yscale="1.52" offset="0" rotation="2"/><component type="nose" component_id="013" theme_id="family" x="8" y="0" xscale="1.55" yscale="0.9" offset="0" rotation="-3"/><component type="mouth" component_id="002" theme_id="family" x="-6" y="-2" xscale="0.75" yscale="0.73" offset="0" rotation="18"/><component type="mustache" component_id="009" theme_id="family" x="-6" y="-1" xscale="0.74" yscale="0.9" offset="0" rotation="0"/><component type="eye" component_id="001" theme_id="family" x="0" y="2" xscale="0.74" yscale="0.49" offset="-3" rotation="-9"/><component type="beard" component_id="002" theme_id="family" x="18" y="-72" xscale="2.15" yscale="1.4" offset="0" rotation="-12"/><component id="ID8588" type="facedecoration" component_id="076" theme_id="family" x="0" y="0" xscale="1" yscale="1" offset="0" rotation="0"/><component id="ID4080" type="facedecoration" component_id="050" theme_id="family" x="0" y="0" xscale="1" yscale="1" offset="0" rotation="0"/></cc_char>