<?xml version="1.0" encoding="utf-8"?>
<theme id="monkeytalk" name="SuperRica &amp; Rashy">
  <char id="dad" name="Dad" thumb="standing.swf" facing="left" default="standing.swf" motion="walking.swf" enable="Y" is_premium="N" aid="2904" money="0" sharing="0">
    <category name="emotion">
      <action id="excited.swf" name="excited" loop="Y" totalframe="16" enable="Y" aid="2907"/>
      <action id="furious.swf" name="furious" loop="Y" totalframe="46" enable="Y" aid="2908"/>
      <action id="sad.swf" name="sad" loop="Y" totalframe="100" enable="Y" aid="2909"/>
      <action id="shocked.swf" name="shocked" loop="Y" totalframe="50" enable="Y" aid="2910"/>
      <action id="confused.swf" name="confused" loop="Y" totalframe="94" enable="Y" aid="2911"/>
    </category>
    <action id="standing.swf" name="standing" loop="Y" totalframe="100" enable="Y" aid="2905"/>
    <motion id="walking.swf" name="walking" loop="Y" totalframe="16" enable="Y" aid="2906"/>
    <action id="sitting.swf" name="sitting" loop="Y" totalframe="100" enable="Y" aid="2912"/>
    <action id="dancing.swf" name="dancing" loop="Y" totalframe="52" enable="Y" aid="2913"/>
    <action id="hit.swf" name="hit" loop="Y" totalframe="39" enable="Y" aid="2914"/>
    <motion id="running.swf" name="Running" loop="Y" totalframe="12" enable="Y" aid="2915"/>
    <facial id="head_happy.swf" name="happy" enable="Y" aid="2916"/>
    <facial id="head_angry.swf" name="angry" enable="Y" aid="2917"/>
    <facial id="head_talk.swf" name="talking" enable="Y" aid="2918"/>
    <facial id="head_bored.swf" name="bored" enable="Y" aid="2919"/>
    <facial id="head_desperate.swf" name="desperate" enable="Y" aid="2920"/>
    <facial id="head_sad.swf" name="sad" enable="Y" aid="2921"/>
    <facial id="head_scheming.swf" name="scheming" enable="Y" aid="2922"/>
    <facial id="head_sleep.swf" name="sleep" enable="Y" aid="2923"/>
    <facial id="head_neutral.swf" name="neutral" enable="Y" aid="8502"/>
  </char>
  <char id="misty" name="Misty" thumb="standing.swf" facing="left" default="standing.swf" motion="walking.swf" enable="Y" is_premium="N" aid="2924" money="0" sharing="0">
    <category name="emotion">
      <action id="excited.swf" name="excited" loop="Y" totalframe="63" enable="Y" aid="2927"/>
      <action id="furious.swf" name="furious" loop="Y" totalframe="100" enable="Y" aid="2928"/>
      <action id="sad.swf" name="sad" loop="Y" totalframe="100" enable="Y" aid="2929"/>
      <action id="shocked.swf" name="shocked" loop="Y" totalframe="100" enable="Y" aid="2930"/>
      <action id="confused.swf" name="confused" loop="Y" totalframe="102" enable="Y" aid="2931"/>
    </category>
    <category name="yoga pose">
      <action id="yoga_relax.swf" name="relax" loop="Y" totalframe="1" enable="Y" aid="2932"/>
      <action id="yoga_shocked.swf" name="shocked" loop="Y" totalframe="85" enable="Y" aid="2933"/>
    </category>
    <action id="standing.swf" name="standing" loop="Y" totalframe="100" enable="Y" aid="2925"/>
    <motion id="walking.swf" name="walking" loop="Y" totalframe="24" enable="Y" aid="2926"/>
    <action id="sewing.swf" name="sewing" loop="Y" totalframe="64" enable="Y" aid="2934"/>
    <action id="sitting.swf" name="sitting" loop="Y" totalframe="100" enable="Y" aid="2935"/>
    <action id="dancing.swf" name="dancing" loop="Y" totalframe="97" enable="Y" aid="2936"/>
    <action id="hit.swf" name="hit" loop="Y" totalframe="100" enable="Y" aid="2937"/>
    <facial id="head_raise.swf" name="raise head" enable="Y" aid="2938"/>
    <facial id="head_angry.swf" name="angry" enable="Y" aid="2939"/>
    <facial id="head_close_eye.swf" name="close eye" enable="Y" aid="2940"/>
    <facial id="head_talk_turn.swf" name="talk turn head" enable="Y" aid="2941"/>
    <facial id="head_talk_angry.swf" name="talk angry" enable="Y" aid="2942"/>
    <facial id="head_talk_single_eye.swf" name="talk single eye" enable="Y" aid="2943"/>
    <facial id="head_talk_close_eye.swf" name="talk close eye" enable="Y" aid="2944"/>
    <action id="magic7.swf" name="use magic wand" loop="Y" totalframe="100" enable="Y" aid="5010"/>
    <facial id="head_neutral.swf" name="neutral" enable="Y" aid="8503"/>
  </char>
  <char id="rashy" name="Rashy" thumb="standing.swf" facing="left" default="standing.swf" motion="walking.swf" enable="Y" is_premium="N" aid="2945" money="0" sharing="0">
    <category name="emotion">
      <action id="angry.swf" name="angry" loop="Y" totalframe="60" enable="Y" aid="2948"/>
      <action id="furious.swf" name="furious" loop="Y" totalframe="50" enable="Y" aid="2949"/>
      <action id="excited.swf" name="excited" loop="Y" totalframe="8" enable="Y" aid="2950"/>
      <action id="sad.swf" name="sad" loop="Y" totalframe="99" enable="Y" aid="2951"/>
      <action id="shocked.swf" name="shocked" loop="Y" totalframe="100" enable="Y" aid="2952"/>
      <action id="confused.swf" name="confused" loop="Y" totalframe="100" enable="Y" aid="2953"/>
      <action id="shy.swf" name="shy" loop="Y" totalframe="26" enable="Y" aid="2954"/>
    </category>
    <action id="standing.swf" name="standing" loop="Y" totalframe="76" enable="Y" aid="2946"/>
    <motion id="walking.swf" name="walking" loop="Y" totalframe="12" enable="Y" aid="2947"/>
    <action id="jump_in.swf" name="jump in" loop="Y" totalframe="24" enable="Y" aid="2955"/>
    <action id="jump.swf" name="jump" loop="Y" totalframe="77" enable="Y" aid="2956"/>
    <action id="punch.swf" name="punch" loop="Y" totalframe="100" enable="Y" aid="2957"/>
    <action id="giggling.swf" name="giggling" loop="Y" totalframe="6" enable="Y" aid="2958"/>
    <action id="sitting.swf" name="sitting" loop="Y" totalframe="1" enable="Y" aid="2959"/>
    <action id="hit.swf" name="hit" loop="Y" totalframe="100" enable="Y" aid="2960"/>
    <action id="talk_excitedly.swf" name="talk excitedly" loop="Y" totalframe="8" enable="Y" aid="2961"/>
    <action id="take_off_hat.swf" name="take off hat" loop="Y" totalframe="160" enable="Y" aid="2962"/>
    <action id="dancing.swf" name="dancing" loop="Y" totalframe="48" enable="Y" aid="2963"/>
    <action id="playdrum.swf" name="play drum" loop="Y" totalframe="22" enable="Y" aid="2964"/>
    <action id="hit2.swf" name="super hit" loop="Y" totalframe="50" enable="Y" aid="2965"/>
    <motion id="running.swf" name="running" loop="Y" totalframe="18" enable="Y" aid="2966"/>
    <facial id="head_talk_happy.swf" name="talk happy" enable="Y" aid="2967"/>
    <facial id="head_happy.swf" name="happy" enable="Y" aid="2968"/>
    <facial id="head_angry.swf" name="angry" enable="Y" aid="2969"/>
    <facial id="head_talk.swf" name="talk" enable="Y" aid="2970"/>
    <facial id="head_bored.swf" name="bored" enable="Y" aid="2971"/>
    <facial id="head_desperate.swf" name="desperate" enable="Y" aid="2972"/>
    <facial id="head_sad.swf" name="sad" enable="Y" aid="2973"/>
    <facial id="head_scheming.swf" name="scheming" enable="Y" aid="2974"/>
    <facial id="head_talk_sorry.swf" name="talk sorry" enable="Y" aid="2975"/>
    <facial id="head_neutral.swf" name="neutral" enable="Y" aid="8504"/>
  </char>
  <char id="super_rica" name="Super Rica" thumb="standing.swf" facing="left" default="standing.swf" motion="walking.swf" enable="Y" is_premium="N" aid="2976" money="0" sharing="0">
    <category name="emotion">
      <action id="excited.swf" name="excited" loop="Y" totalframe="108" enable="Y" aid="2979"/>
      <action id="furious.swf" name="furious" loop="Y" totalframe="55" enable="Y" aid="2980"/>
      <action id="sad.swf" name="sad" loop="Y" totalframe="61" enable="Y" aid="2981"/>
      <action id="shocked.swf" name="shocked" loop="Y" totalframe="100" enable="Y" aid="2982"/>
      <action id="confused.swf" name="confused" loop="Y" totalframe="100" enable="Y" aid="2983"/>
    </category>
    <category name="lying down">
      <action id="getting_stitched_up.swf" name="getting stitched up" loop="Y" totalframe="64" enable="Y" aid="2984"/>
      <action id="punched.swf" name="punched" loop="Y" totalframe="100" enable="Y" aid="2985"/>
    </category>
    <action id="standing.swf" name="standing" loop="Y" totalframe="1" enable="Y" aid="2977"/>
    <motion id="walking.swf" name="walking" loop="Y" totalframe="18" enable="Y" aid="2978"/>
    <action id="rubbing_belly.swf" name="rubbing belly" loop="Y" totalframe="20" enable="Y" aid="2986"/>
    <action id="sitting.swf" name="sitting" loop="Y" totalframe="1" enable="Y" aid="2987"/>
    <action id="dancing.swf" name="dancing" loop="Y" totalframe="82" enable="Y" aid="2988"/>
    <action id="hit.swf" name="hit" loop="Y" totalframe="50" enable="Y" aid="2989"/>
    <facial id="head_glare.swf" name="glare" enable="Y" aid="2990"/>
    <facial id="head_happy.swf" name="happy" enable="Y" aid="2991"/>
    <facial id="head_angry.swf" name="angry" enable="Y" aid="2992"/>
    <facial id="head_talk.swf" name="talk" enable="Y" aid="2993"/>
    <facial id="head_bored.swf" name="bored" enable="Y" aid="2994"/>
    <facial id="head_desperate.swf" name="desperate" enable="Y" aid="2995"/>
    <facial id="head_sad.swf" name="sad" enable="Y" aid="2996"/>
    <facial id="head_scheming.swf" name="scheming" enable="Y" aid="2997"/>
    <facial id="head_neutral.swf" name="neutral" enable="Y" aid="8505"/>
  </char>
  <char id="horbart" name="Hobart" thumb="standing.swf" facing="left" default="standing.swf" motion="walking.swf" enable="Y" is_premium="N" aid="5978" money="0" sharing="0">
    <category name="emotion">
      <action id="excited.swf" name="excited" loop="Y" totalframe="69" enable="Y" aid="5981"/>
      <action id="furious.swf" name="angry" loop="Y" totalframe="42" enable="Y" aid="5982"/>
      <action id="sad.swf" name="sad" loop="Y" totalframe="45" enable="Y" aid="5983"/>
      <action id="shocked.swf" name="surprised" loop="Y" totalframe="45" enable="Y" aid="5984"/>
      <action id="thinking.swf" name="thinking" loop="Y" totalframe="100" enable="Y" aid="5985"/>
    </category>
    <action id="standing.swf" name="standing" loop="Y" totalframe="47" enable="Y" aid="5979"/>
    <motion id="walking.swf" name="walk" loop="Y" totalframe="18" enable="Y" aid="5980"/>
    <action id="biting.swf" name="bite" loop="Y" totalframe="90" enable="Y" aid="5986"/>
    <action id="jumping.swf" name="jump" loop="Y" totalframe="21" enable="Y" aid="5987"/>
    <action id="sitting.swf" name="sitting" loop="Y" totalframe="46" enable="Y" aid="5988"/>
    <action id="sleeping.swf" name="sleep" loop="Y" totalframe="50" enable="Y" aid="5989"/>
    <motion id="running.swf" name="run" loop="Y" totalframe="9" enable="Y" aid="5990"/>
    <facial id="head_angry.swf" name="angry" enable="Y" aid="5991"/>
    <facial id="head_barking.swf" name="bark" enable="Y" aid="5992"/>
    <facial id="head_confused.swf" name="confused" enable="Y" aid="5993"/>
    <facial id="head_embarrassed.swf" name="embarrassed" enable="Y" aid="5994"/>
    <facial id="head_excited.swf" name="excited" enable="Y" aid="5995"/>
    <facial id="head_happy.swf" name="happy" enable="Y" aid="5996"/>
    <facial id="head_laugh.swf" name="laugh" enable="Y" aid="5997"/>
    <facial id="head_sad.swf" name="sad" enable="Y" aid="5998"/>
    <facial id="head_shocked.swf" name="shocked" enable="Y" aid="5999"/>
    <facial id="head_sick.swf" name="sick" enable="Y" aid="6000"/>
    <facial id="head_sleep.swf" name="sleep" enable="Y" aid="6001"/>
    <facial id="head_snub.swf" name="snub" enable="Y" aid="6002"/>
    <facial id="head_neutral.swf" name="neutral" enable="Y" aid="8506"/>
  </char>
  <background id="living_room.swf" name="Living Room" enable="Y" is_premium="N" aid="2998" money="0" sharing="0"/>
  <background id="magic_room.swf" name="Magic Room" enable="Y" is_premium="N" aid="2999" money="0" sharing="0"/>
  <background id="yoga_room.swf" name="Yoga Room" enable="Y" is_premium="N" aid="3000" money="0" sharing="0"/>
  <background id="looping_corridor.swf" name="Looping Corridor" enable="Y" is_premium="N" aid="3001" money="0" sharing="0"/>
  <prop id="speaker.swf" name="Speaker" holdable="1" placeable="1" wearable="0" facing="left" thumb="" enable="Y" is_premium="N" aid="3002" money="0" sharing="0"/>
  <prop id="shadow.swf" name="Shadow" holdable="0" placeable="1" wearable="0" facing="left" thumb="" enable="Y" is_premium="N" aid="3016" money="0" sharing="0"/>
  <prop id="scar.swf" name="Scar" holdable="0" placeable="1" wearable="0" facing="left" thumb="" enable="Y" is_premium="N" aid="3015" money="0" sharing="0"/>
  <prop id="logo.swf" name="Logo" holdable="0" placeable="1" wearable="0" facing="left" thumb="" enable="Y" is_premium="N" aid="3014" money="0" sharing="0"/>
  <prop id="hat_head.swf" name="Magic Hat" holdable="0" placeable="1" wearable="1" facing="left" thumb="" enable="Y" is_premium="N" aid="3013" money="0" sharing="0"/>
  <prop id="half_superica_move.swf" name="Half Superica" holdable="1" placeable="1" wearable="0" facing="left" thumb="" enable="Y" is_premium="N" aid="3012" money="0" sharing="0"/>
  <prop id="bow_saw.swf" name="Bow Saw" holdable="1" placeable="1" wearable="0" facing="left" thumb="" enable="Y" is_premium="N" aid="3011" money="0" sharing="0"/>
  <prop id="basket_front.swf" name="Basket Front" holdable="0" placeable="1" wearable="0" facing="left" thumb="" enable="Y" is_premium="N" aid="3010" money="0" sharing="0"/>
  <prop id="basket_back.swf" name="Basket Back" holdable="0" placeable="1" wearable="0" facing="left" thumb="" enable="Y" is_premium="N" aid="3009" money="0" sharing="0"/>
  <prop id="tambourine.swf" name="Tambourine" holdable="1" placeable="1" wearable="0" facing="left" thumb="" enable="Y" is_premium="N" aid="3008" money="0" sharing="0"/>
  <prop id="bomb.swf" name="Bomb" holdable="0" placeable="1" wearable="0" facing="left" thumb="" enable="Y" is_premium="N" aid="3007" money="0" sharing="0"/>
  <prop id="blanket.swf" name="Blanket" holdable="0" placeable="1" wearable="0" facing="left" thumb="" enable="Y" is_premium="N" aid="3006" money="0" sharing="0"/>
  <prop id="bedroom01.swf" name="Bedroom" holdable="0" placeable="1" wearable="0" facing="left" thumb="" enable="Y" is_premium="N" aid="3005" money="0" sharing="0"/>
  <prop id="bed.swf" name="Bed" holdable="0" placeable="1" wearable="0" facing="left" thumb="" enable="Y" is_premium="N" aid="3004" money="0" sharing="0"/>
  <prop id="pan.swf" name="Pan" holdable="1" placeable="1" wearable="0" facing="left" thumb="" enable="Y" is_premium="N" aid="3003" money="0" sharing="0"/>
  <prop id="trunk.swf" name="Trunk" holdable="0" placeable="1" wearable="0" facing="left" thumb="" enable="Y" is_premium="N" aid="3017" money="0" sharing="0"/>
  <bubble id="ellipse" x="0" y="0" w="180" h="90" rotate="0" type="ELLIPSE" enable="N" is_premium="N" aid="3018" money="0" sharing="0">
  <body rgb="0xFFFFFF" linergb="0" tailx="180" taily="110"/>
  <text rgb="0" font="Blambot Casual" size="14" align="center" bold="false" italic="false">Click here to edit</text>
</bubble>
  <bubble id="roundRect" x="0" y="0" w="180" h="90" rotate="0" type="ROUNDRECTANGULAR" enable="N" is_premium="N" aid="3019" money="0" sharing="0">
  <body rgb="0xFFFFFF" linergb="0" tailx="180" taily="110"/>
  <text rgb="0" font="Blambot Casual" size="14" align="center" bold="false" italic="false">Click here to edit</text>
</bubble>
  <bubble id="rect" x="0" y="0" w="180" h="90" rotate="0" type="RECTANGULAR" enable="N" is_premium="N" aid="3020" money="0" sharing="0">
  <body rgb="0xFFFFFF" linergb="0" tailx="180" taily="110"/>
  <text rgb="0" font="Blambot Casual" size="14" align="center" bold="false" italic="false">Click here to edit</text>
</bubble>
  <bubble id="cloud" x="0" y="0" w="180" h="90" rotate="0" type="CLOUD" enable="N" is_premium="N" aid="3021" money="0" sharing="0">
  <body rgb="0xFFFFFF" linergb="0" tailx="180" taily="110"/>
  <text rgb="0" font="Blambot Casual" size="14" align="center" bold="false" italic="false">Click here to edit</text>
</bubble>
  <bubble id="heart" x="0" y="0" w="180" h="90" rotate="0" type="HEART" enable="N" is_premium="N" aid="3022" money="0" sharing="0">
  <body rgb="0xFFFFFF" linergb="0" tailx="180" taily="110"/>
  <text rgb="0" font="Blambot Casual" size="14" align="center" bold="false" italic="false">Click here to edit</text>
</bubble>
  <bubble id="boom" x="0" y="0" w="260" h="130" rotate="0" type="BOOM" enable="N" is_premium="N" aid="3023" money="0" sharing="0">
  <body rgb="0xFFFFFF" linergb="0" tailx="260" taily="130"/>
  <text rgb="0" font="BadaBoom BB" size="20" align="center" bold="false" italic="false">Click here to edit</text>
</bubble>
  <bubble id="blank" x="0" y="0" w="180" h="90" rotate="0" type="BLANK" enable="N" is_premium="N" aid="3024" money="0" sharing="0">
  <body rgb="0xFFFFFF" linergb="0" tailx="180" taily="110"/>
  <text rgb="0" font="BadaBoom BB" size="20" align="center" bold="false" italic="false">Click here to edit</text>
</bubble>
  <effect id="zoom" x="0" y="0" w="140" h="90" rotate="0" type="ZOOM" resize="true" move="true" name="Zoom" enable="N" is_premium="N" aid="3025" money="0" sharing="0"/>
  <effect id="aud-clap.swf" type="ANIME" resize="false" move="false" name="Clap" enable="N" is_premium="N" aid="3042" money="0" sharing="0"/>
  <effect id="black_all.swf" type="ANIME" resize="false" move="false" name="Darkness" enable="N" is_premium="N" aid="3043" money="0" sharing="0"/>
  <effect id="black_bar.swf" type="ANIME" resize="false" move="false" name="Black Bar" enable="N" is_premium="N" aid="3044" money="0" sharing="0"/>
  <effect id="blue_screen.swf" type="ANIME" resize="false" move="false" name="Blue Screen" enable="N" is_premium="N" aid="3045" money="0" sharing="0"/>
  <effect id="circle_fade_out.swf" type="ANIME" resize="false" move="false" name="Circle Fade Out" enable="N" is_premium="N" aid="3046" money="0" sharing="0"/>
  <effect id="fade_in.swf" type="ANIME" resize="false" move="false" name="Fade In" enable="N" is_premium="N" aid="3047" money="0" sharing="0"/>
  <effect id="fade_out.swf" type="ANIME" resize="false" move="false" name="Fade Out" enable="N" is_premium="N" aid="3048" money="0" sharing="0"/>
  <effect id="flash_light01.swf" type="ANIME" resize="false" move="false" name="Flash Light" enable="N" is_premium="N" aid="3049" money="0" sharing="0"/>
  <effect id="gnn_news.swf" type="ANIME" resize="false" move="false" name="GNN News" enable="N" is_premium="N" aid="3050" money="0" sharing="0"/>
  <effect id="green_screen.swf" type="ANIME" resize="false" move="false" name="Green Screen" enable="N" is_premium="N" aid="3051" money="0" sharing="0"/>
  <effect id="ppl01.swf" type="ANIME" resize="false" move="false" name="People" enable="N" is_premium="N" aid="3052" money="0" sharing="0"/>
  <effect id="bomb.swf" type="ANIME" resize="false" move="false" name="Bomb" enable="N" is_premium="N" aid="3053" money="0" sharing="0"/>
  <effect id="water_flood.swf" type="ANIME" resize="false" move="false" name="Water Flood" enable="N" is_premium="N" aid="3054" money="0" sharing="0"/>
  <effect id="aud-banner.swf" type="ANIME" resize="false" move="false" name="Banner" enable="N" is_premium="N" aid="3041" money="0" sharing="0"/>
  <effect id="aud-01.swf" type="ANIME" resize="false" move="false" name="Auditorium" enable="N" is_premium="N" aid="3040" money="0" sharing="0"/>
  <effect id="atomic-bomb.swf" type="ANIME" resize="false" move="false" name="Atomic Bomb" enable="N" is_premium="N" aid="3039" money="0" sharing="0"/>
  <effect id="cut" x="0" y="0" w="140" h="90" rotate="0" type="ZOOM" resize="true" move="true" name="Cut" enable="N" isCut="true" is_premium="N" aid="3026" money="0" sharing="0"/>
  <effect id="earthquake" x="0" y="0" w="550" h="354" rotate="0" type="EARTHQUAKE" resize="false" move="false" name="Earthquake" enable="N" is_premium="N" aid="3027" money="0" sharing="0"/>
  <effect id="upsideDown" x="0" y="0" w="550" h="354" rotate="0" type="UPSIDEDOWN" resize="false" move="false" name="Upside Down" enable="N" is_premium="N" aid="3028" money="0" sharing="0"/>
  <effect id="firework" x="0" y="0" w="550" h="354" rotate="0" type="FIREWORK" resize="false" move="false" name="Firework" enable="N" is_premium="N" aid="3029" money="0" sharing="0"/>
  <effect id="firespring" x="0" y="0" w="550" h="354" rotate="0" type="FIRESPRING" resize="false" move="false" name="Fire Spring" enable="N" is_premium="N" aid="3030" money="0" sharing="0"/>
  <effect id="fire.swf" type="ANIME" resize="false" move="false" name="BBQ" enable="N" is_premium="N" aid="3031" money="0" sharing="0"/>
  <effect id="lightening.swf" type="ANIME" resize="false" move="false" name="Lightning" enable="N" is_premium="N" aid="3032" money="0" sharing="0"/>
  <effect id="snow.swf" type="ANIME" resize="false" move="false" name="Snow" enable="N" is_premium="N" aid="3033" money="0" sharing="0"/>
  <effect id="hyper_snow.swf" type="ANIME" resize="false" move="false" name="Hyper Snow" enable="N" is_premium="N" aid="3034" money="0" sharing="0"/>
  <effect id="snow01.swf" type="ANIME" resize="false" move="false" name="Snow01" enable="N" is_premium="N" aid="3035" money="0" sharing="0"/>
  <effect id="snow02.swf" type="ANIME" resize="false" move="false" name="Snow02" enable="N" is_premium="N" aid="3036" money="0" sharing="0"/>
  <effect id="old_film_effect.swf" type="ANIME" resize="false" move="false" name="Old Film" enable="N" is_premium="N" aid="3037" money="0" sharing="0"/>
  <effect id="hearts.swf" type="ANIME" resize="false" move="false" name="Heart" enable="N" is_premium="N" aid="3038" money="0" sharing="0"/>
  <effect id="DV_screen.swf" type="ANIME" resize="false" move="false" name="DV Screen" enable="N" is_premium="N" aid="3055" money="0" sharing="0"/>
</theme>
