<cc_char><color r="ccSkinColor" oc="0xFFE1C4">0xD19C5E</color><color r="ccEyeLib">0xCA9050</color><color r="ccEyeIris">0x000000</color><color r="ccGlassesFrame">0x000000</color><color r="ccGlassesLens">0x000000</color><color r="ccMouthLip">0xCA5F30</color><color r="ccMustache">0x000000</color><color r="ccBeard">0xFFFFCC</color><color r="ccEyebrow">0x663300</color><color r="ccHairMajor">0xFFFFCC</color><color r="ccHairMinor">0x333333</color><color r="ccUpperMain" oc="0x336699">0x333333</color><color r="ccUpperMinor" oc="0xE5E5E5">0x336699</color><color r="ccLowerMain" oc="0xCCBC9A">0x333333</color><color r="ccLowerMinor" oc="0xEEEEEE">0x000000</color><component type="bodyshape" component_id="rocky" theme_id="family" x="0" y="0" xscale="1" yscale="1" offset="0" rotation="0" gobucks="0" gopoints="0"/><component type="skeleton" component_id="rocky_001" theme_id="family" x="0" y="0" xscale="1" yscale="1" offset="0" rotation="0" gobucks="0" gopoints="0"/><component type="faceshape" component_id="021" theme_id="family" x="1" y="-2" xscale="0.97" yscale="0.92" offset="0" rotation="0" gobucks="0" gopoints="0"/><component type="lower_body" component_id="rocky_001" theme_id="family" x="0" y="0" xscale="1" yscale="1" offset="0" rotation="0" gobucks="40" gopoints="0"/><component type="eyebrow" component_id="002" theme_id="family" x="0" y="6" xscale="0.9" yscale="0.86" offset="-4" rotation="0" gobucks="0" gopoints="0"/><component type="hair" component_id="027" theme_id="family" x="2" y="-8" xscale="0.95" yscale="0.86" offset="0" rotation="0" gobucks="0" gopoints="0"/><component type="eye" component_id="003" theme_id="family" x="0" y="-1" xscale="0.88" yscale="0.84" offset="0" rotation="0" gobucks="0" gopoints="0"/><component type="nose" component_id="018" theme_id="family" x="-2" y="-2" xscale="0.95" yscale="0.94" offset="0" rotation="0" gobucks="0" gopoints="0"/><component type="beard" component_id="002" theme_id="family" x="-2" y="-3" xscale="1" yscale="1" offset="0" rotation="0" gobucks="5" gopoints="0"/><component type="mouth" component_id="001" theme_id="family" x="-2" y="-7" xscale="1" yscale="0.73" offset="0" rotation="5" gobucks="0" gopoints="0"/><component type="ear" component_id="003" theme_id="family" x="4" y="-8" xscale="0.96" yscale="0.94" offset="0" rotation="0" gobucks="0" gopoints="0"/><component type="upper_body" component_id="rocky_002" theme_id="family" x="0" y="0" xscale="1" yscale="1" offset="0" rotation="0" gobucks="50" gopoints="0"/><component type="glasses" component_id="007" theme_id="family" x="1" y="0" xscale="0.94" yscale="0.77" offset="0" rotation="0" gobucks="5" gopoints="0"/><component id="ID1150" type="facedecoration" component_id="012" theme_id="family" x="10" y="-9" xscale="0.68" yscale="0.69" offset="0" rotation="0" gobucks="5" gopoints="0"/></cc_char>