<?xml version="1.0" encoding="utf-8"?><cc_char xscale='1' yscale='1' hxscale='1' hyscale='1' headdx='0' headdy='0'><color r="ccSkinColor" oc="0xFFE1C4">0xFFCE95</color><color r="ccEyeLib">0xFFCE95</color><color r="ccEyeIris">0x000000</color><color r="ccGlassesFrame">0xBE10B0</color><color r="ccGlassesLens">0x737373</color><color r="ccMouthLip">0x891258</color><color r="ccMustache">0x000000</color><color r="ccBeard">0x663A0F</color><color r="ccEyebrow">0x996633</color><color r="ccUpperMain" oc="0x336699">0xE1E0A6</color><color r="ccUpperMinor" oc="0xE5E5E5">0xF3F01E</color><color r="ccLowerMain" oc="0xCCBC9A">0x0B3573</color><color r="ccLowerMinor" oc="0xEEEEEE">0xC2C9A4</color><color r="ccHairMajor">0x663A0F</color><color r="ccDecMajor" targetComponent="ID2627">0x663A0F</color><color r="ccDecMajor" targetComponent="ID5774">0x663A0F</color><color r="ccDecMajor" targetComponent="ID3187">0x663A0F</color><color r="ccDecMajor" targetComponent="ID691">0x663A0F</color><color r="ccDecMajor" targetComponent="ID1366">0x663A0F</color><component type="ear" component_id="006" theme_id="family" x="1" y="-2" xscale="1.05" yscale="1.05" offset="0" rotation="0"/><component type="bodyshape" component_id="adam" theme_id="family" x="0" y="0" xscale="1" yscale="1" offset="0" rotation="0"/><component type="skeleton" component_id="adam_001" theme_id="family" x="0" y="0" xscale="1" yscale="1" offset="0" rotation="0"/><component type="faceshape" component_id="001" theme_id="family" x="0" y="0" xscale="1" yscale="1" offset="0" rotation="0"/><component type="eye" component_id="004" theme_id="family" x="-34" y="2" xscale="1.45" yscale="1.45" offset="-21" rotation="0"/><component type="eyebrow" component_id="003" theme_id="family" x="-36" y="-7" xscale="2.38" yscale="2.38" offset="-19" rotation="-1"/><component type="mouth" component_id="009" theme_id="family" x="1" y="0" xscale="1" yscale="1" offset="0" rotation="0"/><component type="nose" component_id="009" theme_id="family" x="36" y="72" xscale="4.08" yscale="4.08" offset="0" rotation="1"/><component type="hair" component_id="045" theme_id="family" x="-15" y="-34" xscale="0.77" yscale="0.77" offset="0" rotation="157"/><component type="beard" component_id="007" theme_id="family" x="0" y="0" xscale="1" yscale="1" offset="0" rotation="0"/><component id="ID2627" type="facedecoration" component_id="005" theme_id="family" x="1" y="100" xscale="4.4" yscale="4.4" offset="0" rotation="0"/><component id="ID5774" type="facedecoration" component_id="001" theme_id="family" x="-47" y="45" xscale="2.42" yscale="2.42" offset="0" rotation="0"/><component id="ID3187" type="facedecoration" component_id="007" theme_id="family" x="46" y="-39" xscale="2.42" yscale="2.42" offset="0" rotation="177"/><component id="ID691" type="facedecoration" component_id="005" theme_id="family" x="92" y="-68" xscale="4.05" yscale="4.05" offset="0" rotation="-118"/><component id="ID1366" type="facedecoration" component_id="001" theme_id="family" x="-34" y="73" xscale="4.06" yscale="4.06" offset="0" rotation="0"/><component type="upper_body" component_id="adam_a007" theme_id="family" x="0" y="0" xscale="1" yscale="1" offset="0" rotation="0"/><component type="lower_body" component_id="adam_012" theme_id="family" x="0" y="0" xscale="1" yscale="1" offset="0" rotation="0"/></cc_char>