<?xml version="1.0" encoding="utf-8"?>
<theme id="ninjaanime" name="Ninja Anime" cc_theme_id="ninjaanime">
  <background id="ninja01_bg.swf" name="Traditional Japanese Home - Fooftop" enable="Y" default="N" is_premium="N" aid="17541" money="0" sharing="0"/>
  <background id="ninja02_bg.swf" name="Traditional Japanese Home - Dojo" enable="Y" default="N" is_premium="N" aid="17542" money="0" sharing="0"/>
  <background id="ninja09_bg.swf" name="Traditional Japanese Home - Garden" enable="Y" default="N" is_premium="N" aid="17549" money="0" sharing="0"/>
  <background id="ninja08_bg.swf" name="Traditional Japanese Home - Dojo" enable="Y" default="N" is_premium="N" aid="17548" money="0" sharing="0"/>
  <background id="ninja03_bg.swf" name="Forest" enable="Y" default="N" is_premium="N" aid="17543" money="0" sharing="0"/>
  <background id="ninja04_bg.swf" name="Forest" enable="Y" default="N" is_premium="N" aid="17544" money="0" sharing="0"/>
  <background id="ninja05_bg.swf" name="Forest" enable="Y" default="N" is_premium="N" aid="17545" money="0" sharing="0"/>
  <background id="ninja16_bg.swf" name="Forest" enable="Y" default="N" is_premium="N" aid="17555" money="0" sharing="0"/>
  <background id="ninja06_bg.swf" name="Desert" enable="Y" default="N" is_premium="N" aid="17546" money="0" sharing="0"/>
  <background id="ninja07_bg.swf" name="Desert" enable="Y" default="N" is_premium="N" aid="17547" money="0" sharing="0"/>
  <background id="ninja10_bg.swf" name="Street" enable="Y" default="N" is_premium="N" aid="17550" money="0" sharing="0"/>
  <background id="ninja11_bg.swf" name="Street" enable="Y" default="N" is_premium="N" aid="17551" money="0" sharing="0"/>
  <background id="ninja12_bg.swf" name="Street" enable="Y" default="N" is_premium="N" aid="17552" money="0" sharing="0"/>
  <background id="ninja13_bg.swf" name="Street" enable="Y" default="N" is_premium="N" aid="17553" money="0" sharing="0"/>
  <background id="ninja14_bg.swf" name="Street" enable="Y" default="N" is_premium="N" aid="17554" money="0" sharing="0"/>
  <background id="ninja17_bg.swf" name="Street" enable="Y" default="N" is_premium="N" aid="17556" money="0" sharing="0"/>
  <background id="house06_bg.swf" name="Traditional Japanese Home - Hill side" enable="Y" default="N" is_premium="N" aid="17538" money="0" sharing="0"/>
  <background id="house01_bg.swf" name="Traditional Japanese Home - Garden" enable="Y" default="N" is_premium="N" aid="17533" money="0" sharing="0"/>
  <background id="house03_bg.swf" name="Traditional Japanese Home - Entrance" enable="Y" default="N" is_premium="N" aid="17535" money="0" sharing="0"/>
  <background id="house08_bg.swf" name="Traditional Japanese Home - Hallway" enable="Y" default="N" is_premium="N" aid="17540" money="0" sharing="0"/>
  <background id="house07_bg.swf" name="Traditional Japanese Home - Walkway" enable="Y" default="N" is_premium="N" aid="17539" money="0" sharing="0"/>
  <background id="house04_bg.swf" name="Traditional Japanese Home - Garden" enable="Y" default="N" is_premium="N" aid="17536" money="0" sharing="0"/>
  <background id="house05_bg.swf" name="Traditional Japanese Home - Study" enable="Y" default="N" is_premium="N" aid="17537" money="0" sharing="0"/>
  <background id="house02_bg.swf" name="Traditional Japanese Home - Living room" enable="Y" default="N" is_premium="N" aid="17534" money="0" sharing="0"/>
  <compositebg id="cbg_house06" name="Traditional Japanese Home - Hill side" enable="Y" default="N" thumb="house06.jpg" display_order="11" is_premium="N" money="0" sharing="0" aid="17562">
  <bg id="cbg_house06_BG36" index="0">
    <file>ninjaanime.house06_bg.swf</file>
  </bg>
</compositebg>
  <compositebg id="cbg_house01" name="Traditional Japanese Home - Garden" enable="Y" default="N" thumb="house01.jpg" display_order="12" is_premium="N" money="0" sharing="0" aid="17557">
  <bg id="cbg_house01_BG37" index="0">
    <file>ninjaanime.house01_bg.swf</file>
  </bg>
  <prop id="cbg_house01_PROP13" index="1">
    <file>ninjaanime.house01_prop01.swf</file>
    <x>318</x>
    <y>312</y>
    <xscale>1</xscale>
    <yscale>1</yscale>
    <face>1</face>
    <rotation>0</rotation>
  </prop>
</compositebg>
  <compositebg id="cbg_house03" name="Traditional Japanese Home - Entrance" enable="Y" default="N" thumb="house03.jpg" display_order="13" is_premium="N" money="0" sharing="0" aid="17559">
  <bg id="cbg_house03_BG39" index="0">
    <file>ninjaanime.house03_bg.swf</file>
  </bg>
</compositebg>
  <compositebg id="cbg_house08" name="Traditional Japanese Home - Hallway" enable="Y" default="N" thumb="house08.jpg" display_order="14" is_premium="N" money="0" sharing="0" aid="17564">
  <bg id="cbg_house08_BG40" index="0">
    <file>ninjaanime.house08_bg.swf</file>
  </bg>
</compositebg>
  <compositebg id="cbg_house07" name="Traditional Japanese Home - Walkway" enable="Y" default="N" thumb="house07.jpg" display_order="15" is_premium="N" money="0" sharing="0" aid="17563">
  <bg id="cbg_house07_BG41" index="0">
    <file>ninjaanime.house07_bg.swf</file>
  </bg>
  <prop id="cbg_house07_PROP15" index="1">
    <file>ninjaanime.house07_prop01.swf</file>
    <x>100</x>
    <y>304</y>
    <xscale>1</xscale>
    <yscale>1</yscale>
    <face>1</face>
    <rotation>0</rotation>
  </prop>
</compositebg>
  <compositebg id="cbg_house04" name="Traditional Japanese Home - Garden" enable="Y" default="N" thumb="house04.jpg" display_order="16" is_premium="N" money="0" sharing="0" aid="17560">
  <bg id="cbg_house04_BG44" index="0">
    <file>ninjaanime.house04_bg.swf</file>
  </bg>
  <prop id="cbg_house04_PROP16" index="1">
    <file>ninjaanime.house04_prop01.swf</file>
    <x>506</x>
    <y>310</y>
    <xscale>1</xscale>
    <yscale>1</yscale>
    <face>1</face>
    <rotation>0</rotation>
  </prop>
</compositebg>
  <compositebg id="cbg_house05" name="Traditional Japanese Home - Study" enable="Y" default="N" thumb="house05.jpg" display_order="17" is_premium="N" money="0" sharing="0" aid="17561">
  <bg id="cbg_house05_BG46" index="0">
    <file>ninjaanime.house05_bg.swf</file>
  </bg>
</compositebg>
  <compositebg id="cbg_house02" name="Traditional Japanese Home - Living room" enable="Y" default="N" thumb="house02.jpg" display_order="18" is_premium="N" money="0" sharing="0" aid="17558">
  <bg id="cbg_house02_BG47" index="0">
    <file>ninjaanime.house02_bg.swf</file>
  </bg>
  <prop id="cbg_house02_PROP17" index="3">
    <file>ninjaanime.house02_prop01.swf</file>
    <x>324</x>
    <y>298</y>
    <xscale>1</xscale>
    <yscale>1</yscale>
    <face>1</face>
    <rotation>0</rotation>
  </prop>
  <prop id="cbg_house02_PROP18" index="2">
    <file>ninjaanime.house02_prop02.swf</file>
    <x>224</x>
    <y>257</y>
    <xscale>1</xscale>
    <yscale>1</yscale>
    <face>1</face>
    <rotation>0</rotation>
  </prop>
  <prop id="cbg_house02_PROP19" index="1">
    <file>ninjaanime.house02_prop03.swf</file>
    <x>219</x>
    <y>141</y>
    <xscale>1</xscale>
    <yscale>1</yscale>
    <face>1</face>
    <rotation>0</rotation>
  </prop>
</compositebg>
  <compositebg id="cbg_ninja01" name="Village - Rooftops" enable="Y" default="N" thumb="ninja01.jpg" display_order="50" is_premium="N" money="0" sharing="0" aid="17565">
  <bg id="cbg_ninja01_BG3" index="0">
    <file>ninjaanime.ninja01_bg.swf</file>
  </bg>
</compositebg>
  <compositebg id="cbg_ninja02" name="Dojo" enable="Y" default="N" thumb="ninja02.jpg" display_order="51" is_premium="N" money="0" sharing="0" aid="17566">
  <bg id="cbg_ninja02_BG4" index="0">
    <file>ninjaanime.ninja02_bg.swf</file>
  </bg>
</compositebg>
  <compositebg id="cbg_ninja09" name="House - Garden" enable="Y" default="N" thumb="ninja09.jpg" display_order="52" is_premium="N" money="0" sharing="0" aid="17573">
  <bg id="cbg_ninja09_BG6" index="0">
    <file>ninjaanime.ninja09_bg.swf</file>
  </bg>
  <prop id="cbg_ninja09_PROP0" index="1">
    <file>ninjaanime.ninja09_prop02.swf</file>
    <x>157</x>
    <y>276</y>
    <xscale>1</xscale>
    <yscale>1</yscale>
    <face>1</face>
    <rotation>0</rotation>
  </prop>
  <prop id="cbg_ninja09_PROP1" index="2">
    <file>ninjaanime.ninja09_prop01.swf</file>
    <x>412</x>
    <y>276</y>
    <xscale>1</xscale>
    <yscale>1</yscale>
    <face>1</face>
    <rotation>0</rotation>
  </prop>
</compositebg>
  <compositebg id="cbg_ninja08" name="Dojo" enable="Y" default="N" thumb="ninja08.jpg" display_order="53" is_premium="N" money="0" sharing="0" aid="17572">
  <bg id="cbg_ninja08_BG10" index="0">
    <file>ninjaanime.ninja08_bg.swf</file>
  </bg>
</compositebg>
  <compositebg id="cbg_ninja03" name="Forest" enable="Y" default="N" thumb="ninja03.jpg" display_order="54" is_premium="N" money="0" sharing="0" aid="17567">
  <bg id="cbg_ninja03_BG11" index="0">
    <file>ninjaanime.ninja03_bg.swf</file>
  </bg>
  <prop id="cbg_ninja03_PROP2" index="2">
    <file>ninjaanime.ninja03_prop01.swf</file>
    <x>320</x>
    <y>279</y>
    <xscale>1</xscale>
    <yscale>1</yscale>
    <face>1</face>
    <rotation>0</rotation>
  </prop>
  <prop id="cbg_ninja03_PROP3" index="1">
    <file>ninjaanime.ninja03_prop02.swf</file>
    <x>305</x>
    <y>293</y>
    <xscale>1</xscale>
    <yscale>1</yscale>
    <face>1</face>
    <rotation>0</rotation>
  </prop>
</compositebg>
  <compositebg id="cbg_ninja04" name="Forest" enable="Y" default="N" thumb="ninja04.jpg" display_order="55" is_premium="N" money="0" sharing="0" aid="17568">
  <bg id="cbg_ninja04_BG14" index="0">
    <file>ninjaanime.ninja04_bg.swf</file>
  </bg>
  <prop id="cbg_ninja04_PROP4" index="1">
    <file>ninjaanime.ninja04_prop02.swf</file>
    <x>324</x>
    <y>209</y>
    <xscale>1</xscale>
    <yscale>1</yscale>
    <face>1</face>
    <rotation>0</rotation>
  </prop>
  <prop id="cbg_ninja04_PROP5" index="2">
    <file>ninjaanime.ninja04_prop01.swf</file>
    <x>325</x>
    <y>285</y>
    <xscale>1</xscale>
    <yscale>1</yscale>
    <face>1</face>
    <rotation>0</rotation>
  </prop>
</compositebg>
  <compositebg id="cbg_ninja05" name="Forest" enable="Y" default="Y" thumb="ninja05.jpg" display_order="56" is_premium="N" money="0" sharing="0" aid="17569">
  <bg id="cbg_ninja05_BG17" index="0">
    <file>ninjaanime.ninja05_bg.swf</file>
  </bg>
  <prop id="cbg_ninja05_PROP6" index="1">
    <file>ninjaanime.ninja05_prop02.swf</file>
    <x>321</x>
    <y>202</y>
    <xscale>1</xscale>
    <yscale>1</yscale>
    <face>1</face>
    <rotation>0</rotation>
  </prop>
  <prop id="cbg_ninja05_PROP7" index="2">
    <file>ninjaanime.ninja05_prop01.swf</file>
    <x>543</x>
    <y>240</y>
    <xscale>1</xscale>
    <yscale>1</yscale>
    <face>1</face>
    <rotation>0</rotation>
  </prop>
</compositebg>
  <compositebg id="cbg_ninja16" name="Bamboo Forest" enable="Y" default="N" thumb="ninja16.jpg" display_order="57" is_premium="N" money="0" sharing="0" aid="17579">
  <bg id="cbg_ninja16_BG21" index="0">
    <file>ninjaanime.ninja16_bg.swf</file>
  </bg>
  <prop id="cbg_ninja16_PROP8" index="2">
    <file>ninjaanime.ninja16_prop01.swf</file>
    <x>237</x>
    <y>197</y>
    <xscale>1</xscale>
    <yscale>1</yscale>
    <face>1</face>
    <rotation>0</rotation>
  </prop>
  <prop id="cbg_ninja16_PROP9" index="1">
    <file>ninjaanime.ninja16_prop02.swf</file>
    <x>513</x>
    <y>174</y>
    <xscale>1</xscale>
    <yscale>1</yscale>
    <face>1</face>
    <rotation>0</rotation>
  </prop>
</compositebg>
  <compositebg id="cbg_ninja06" name="Desert" enable="Y" default="N" thumb="ninja06.jpg" display_order="58" is_premium="N" money="0" sharing="0" aid="17570">
  <bg id="cbg_ninja06_BG24" index="0">
    <file>ninjaanime.ninja06_bg.swf</file>
  </bg>
</compositebg>
  <compositebg id="cbg_ninja07" name="Desert" enable="Y" default="N" thumb="ninja07.jpg" display_order="59" is_premium="N" money="0" sharing="0" aid="17571">
  <bg id="cbg_ninja07_BG25" index="0">
    <file>ninjaanime.ninja07_bg.swf</file>
  </bg>
</compositebg>
  <compositebg id="cbg_ninja10" name="Village - Street" enable="Y" default="N" thumb="ninja10.jpg" display_order="60" is_premium="N" money="0" sharing="0" aid="17574">
  <bg id="cbg_ninja10_BG26" index="0">
    <file>ninjaanime.ninja10_bg.swf</file>
  </bg>
  <prop id="cbg_ninja10_PROP10" index="1">
    <file>ninjaanime.ninja10_prop01.swf</file>
    <x>323</x>
    <y>200</y>
    <xscale>1</xscale>
    <yscale>1</yscale>
    <face>1</face>
    <rotation>0</rotation>
  </prop>
</compositebg>
  <compositebg id="cbg_ninja11" name="Village - Street" enable="Y" default="N" thumb="ninja11.jpg" display_order="61" is_premium="N" money="0" sharing="0" aid="17575">
  <bg id="cbg_ninja11_BG28" index="0">
    <file>ninjaanime.ninja11_bg.swf</file>
  </bg>
</compositebg>
  <compositebg id="cbg_ninja12" name="Village - Street" enable="Y" default="N" thumb="ninja12.jpg" display_order="62" is_premium="N" money="0" sharing="0" aid="17576">
  <bg id="cbg_ninja12_BG29" index="0">
    <file>ninjaanime.ninja12_bg.swf</file>
  </bg>
</compositebg>
  <compositebg id="cbg_ninja13" name="Village - Street" enable="Y" default="N" thumb="ninja13.jpg" display_order="63" is_premium="N" money="0" sharing="0" aid="17577">
  <bg id="cbg_ninja13_BG30" index="0">
    <file>ninjaanime.ninja13_bg.swf</file>
  </bg>
  <prop id="cbg_ninja13_PROP11" index="1">
    <file>ninjaanime.ninja13_prop01.swf</file>
    <x>188</x>
    <y>206</y>
    <xscale>1</xscale>
    <yscale>1</yscale>
    <face>1</face>
    <rotation>0</rotation>
  </prop>
  <prop id="cbg_ninja13_PROP12" index="2">
    <file>ninjaanime.ninja13_prop02.swf</file>
    <x>442</x>
    <y>104</y>
    <xscale>1</xscale>
    <yscale>1</yscale>
    <face>1</face>
    <rotation>0</rotation>
  </prop>
</compositebg>
  <compositebg id="cbg_ninja14" name="Village - Bridge" enable="Y" default="N" thumb="ninja14.jpg" display_order="64" is_premium="N" money="0" sharing="0" aid="17578">
  <bg id="cbg_ninja14_BG33" index="0">
    <file>ninjaanime.ninja14_bg.swf</file>
  </bg>
</compositebg>
  <compositebg id="cbg_ninja17" name="Village - Bridge" enable="Y" default="N" thumb="ninja17.jpg" display_order="65" is_premium="N" money="0" sharing="0" aid="17580">
  <bg id="cbg_ninja17_BG34" index="0">
    <file>ninjaanime.ninja17_bg.swf</file>
  </bg>
</compositebg>
  <prop id="house01_prop01.swf" name="" holdable="0" placeable="1" wearable="0" facing="left" thumb="" enable="Y" is_premium="N" aid="17509" money="0" sharing="0"/>
  <prop id="house02_prop01.swf" name="Table" holdable="0" placeable="1" wearable="0" facing="left" thumb="" enable="Y" is_premium="N" aid="17510" money="0" sharing="0"/>
  <prop id="house02_prop02.swf" name="Cupboard" holdable="0" placeable="1" wearable="0" facing="left" thumb="" enable="Y" is_premium="N" aid="17511" money="0" sharing="0"/>
  <prop id="house02_prop03.swf" name="Screen" holdable="0" placeable="1" wearable="0" facing="left" thumb="" enable="Y" is_premium="N" aid="17512" money="0" sharing="0"/>
  <prop id="house04_prop01.swf" name="" holdable="0" placeable="1" wearable="0" facing="left" thumb="" enable="Y" is_premium="N" aid="17513" money="0" sharing="0"/>
  <prop id="house07_prop01.swf" name="" holdable="0" placeable="1" wearable="0" facing="left" thumb="" enable="Y" is_premium="N" aid="17514" money="0" sharing="0"/>
  <prop id="ninja03_prop01.swf" name="" holdable="0" placeable="1" wearable="0" facing="left" thumb="" enable="Y" is_premium="N" aid="17515" money="0" sharing="0"/>
  <prop id="ninja03_prop02.swf" name="" holdable="0" placeable="1" wearable="0" facing="left" thumb="" enable="Y" is_premium="N" aid="17516" money="0" sharing="0"/>
  <prop id="ninja04_prop01.swf" name="" holdable="0" placeable="1" wearable="0" facing="left" thumb="" enable="Y" is_premium="N" aid="17517" money="0" sharing="0"/>
  <prop id="ninja04_prop02.swf" name="" holdable="0" placeable="1" wearable="0" facing="left" thumb="" enable="Y" is_premium="N" aid="17518" money="0" sharing="0"/>
  <prop id="ninja05_prop01.swf" name="" holdable="0" placeable="1" wearable="0" facing="left" thumb="" enable="Y" is_premium="N" aid="17519" money="0" sharing="0"/>
  <prop id="ninja05_prop02.swf" name="" holdable="0" placeable="1" wearable="0" facing="left" thumb="" enable="Y" is_premium="N" aid="17520" money="0" sharing="0"/>
  <prop id="ninja09_prop01.swf" name="" holdable="0" placeable="1" wearable="0" facing="left" thumb="" enable="Y" is_premium="N" aid="17521" money="0" sharing="0"/>
  <prop id="ninja09_prop02.swf" name="" holdable="0" placeable="1" wearable="0" facing="left" thumb="" enable="Y" is_premium="N" aid="17522" money="0" sharing="0"/>
  <prop id="ninja10_prop01.swf" name="" holdable="0" placeable="1" wearable="0" facing="left" thumb="" enable="Y" is_premium="N" aid="17523" money="0" sharing="0"/>
  <prop id="ninja13_prop01.swf" name="" holdable="0" placeable="1" wearable="0" facing="left" thumb="" enable="Y" is_premium="N" aid="17524" money="0" sharing="0"/>
  <prop id="ninja13_prop02.swf" name="" holdable="0" placeable="1" wearable="0" facing="left" thumb="" enable="Y" is_premium="N" aid="17525" money="0" sharing="0"/>
  <prop id="ninja16_prop01.swf" name="" holdable="0" placeable="1" wearable="0" facing="left" thumb="" enable="Y" is_premium="N" aid="17526" money="0" sharing="0"/>
  <prop id="ninja16_prop02.swf" name="" holdable="0" placeable="1" wearable="0" facing="left" thumb="" enable="Y" is_premium="N" aid="17527" money="0" sharing="0"/>
  <prop id="02sword01.swf" name="Sword" holdable="1" placeable="1" wearable="0" facing="left" thumb="" enable="Y" is_premium="N" aid="17528" money="0" sharing="0" handstyle="stick"/>
  <prop id="02sword02.swf" name="Sword" holdable="1" placeable="1" wearable="0" facing="left" thumb="" enable="Y" is_premium="N" aid="17529" money="0" sharing="0" handstyle="stick"/>
  <prop id="02sword03.swf" name="Sword" holdable="1" placeable="1" wearable="0" facing="left" thumb="" enable="Y" is_premium="N" aid="17530" money="0" sharing="0" handstyle="stick"/>
  <prop id="02sword04.swf" name="Sword" holdable="1" placeable="1" wearable="0" facing="left" thumb="" enable="Y" is_premium="N" aid="17531" money="0" sharing="0" handstyle="stick"/>
  <prop id="02sword05.swf" name="Sword" holdable="1" placeable="1" wearable="0" facing="left" thumb="" enable="Y" is_premium="N" aid="17532" money="0" sharing="0" handstyle="stick"/>
<!--CHARACTERS-->
<char id="127535416" name="Exterminator Ninja" cc_theme_id="ninjaanime" thumbnail_url="stock_thumbs/127535416.png" copyable="Y">
<tags>ninjaanime</tags>
</char>
<char id="127535507" name="Masked Ninja" cc_theme_id="ninjaanime" thumbnail_url="stock_thumbs/127535507.png" copyable="Y">
<tags>ninjaanime</tags>
</char>
<char id="127535622" name="Akira" cc_theme_id="ninjaanime" thumbnail_url="stock_thumbs/127535622.png" copyable="Y">
<tags>ninjaanime</tags>
</char>
<char id="127535705" name="Ayaka" cc_theme_id="ninjaanime" thumbnail_url="stock_thumbs/127535705.png" copyable="Y">
<tags>ninjaanime</tags>
</char>
<char id="127535841" name="Akari" cc_theme_id="ninjaanime" thumbnail_url="stock_thumbs/127535841.png" copyable="Y">
<tags>ninjaanime</tags>
</char>
<char id="127536106" name="Akio" cc_theme_id="ninjaanime" thumbnail_url="stock_thumbs/127536106.png" copyable="Y">
<tags>ninjaanime</tags>
</char>
<char id="127536345" name="Sakura" cc_theme_id="ninjaanime" thumbnail_url="stock_thumbs/127536345.png" copyable="Y">
<tags>ninjaanime</tags>
</char>
<char id="127536534" name="Haruta" cc_theme_id="ninjaanime" thumbnail_url="stock_thumbs/127536534.png" copyable="Y">
<tags>ninjaanime</tags>
</char>
<char id="127536853" name="Yamato" cc_theme_id="ninjaanime" thumbnail_url="stock_thumbs/127536853.png" copyable="Y">
<tags>ninjaanime</tags>
</char>
<char id="127537039" name="Makoto" cc_theme_id="ninjaanime" thumbnail_url="stock_thumbs/127537039.png" copyable="Y">
<tags>ninjaanime</tags>
</char>
<char id="127537116" name="Hinata" cc_theme_id="ninjaanime" thumbnail_url="stock_thumbs/127537116.png" copyable="Y">
<tags>ninjaanime</tags>
</char>
<char id="127537186" name="Professional Ninja" cc_theme_id="ninjaanime" thumbnail_url="stock_thumbs/127537186.png" copyable="Y">
<tags>ninjaanime</tags>
</char>
<char id="127537241" name="Emiko" cc_theme_id="ninjaanime" thumbnail_url="stock_thumbs/127537241.png" copyable="Y">
<tags>ninjaanime</tags>
</char>
<char id="127537408" name="Riku" cc_theme_id="ninjaanime" thumbnail_url="stock_thumbs/127537408.png" copyable="Y">
<tags>ninjaanime</tags>
</char>
<char id="127537512" name="Kenji" cc_theme_id="ninjaanime" thumbnail_url="stock_thumbs/127537512.png" copyable="Y">
<tags>ninjaanime</tags>
</char>
<char id="127537620" name="Aimi" cc_theme_id="ninjaanime" thumbnail_url="stock_thumbs/127537620.png" copyable="Y">
<tags>ninjaanime</tags>
</char>
<char id="127538003" name="Emi" cc_theme_id="ninjaanime" thumbnail_url="stock_thumbs/127538003.png" copyable="Y">
<tags>ninjaanime</tags>
</char>
<char id="127540083" name="Takeshi" cc_theme_id="ninjaanime" thumbnail_url="stock_thumbs/127540083.png" copyable="Y">
<tags>ninjaanime</tags>
</char>
<char id="127672948" name="Naoto" cc_theme_id="ninjaanime" thumbnail_url="stock_thumbs/127672948.png" copyable="Y">
<tags>ninjaanime</tags>
</char>
<char id="127673247" name="Akimitsu" cc_theme_id="ninjaanime" thumbnail_url="stock_thumbs/127673247.png" copyable="Y">
<tags>ninjaanime</tags>
</char>
<char id="127673431" name="Akane" cc_theme_id="ninjaanime" thumbnail_url="stock_thumbs/127673431.png" copyable="Y">
<tags>ninjaanime</tags>
</char>
<char id="127673657" name="Chihiro" cc_theme_id="ninjaanime" thumbnail_url="stock_thumbs/127673657.png" copyable="Y">
<tags>ninjaanime</tags>
</char>
<char id="127680191" name="Koji" cc_theme_id="ninjaanime" thumbnail_url="stock_thumbs/127680191.png" copyable="Y">
<tags>ninjaanime</tags>
</char>
<char id="129766798" name="Hana" cc_theme_id="ninjaanime" thumbnail_url="stock_thumbs/129766798.png" copyable="Y">
<tags>ninjaanime</tags>
</char>
<char id="129766867" name="Minoru" cc_theme_id="ninjaanime" thumbnail_url="stock_thumbs/129766867.png" copyable="Y">
<tags>ninjaanime</tags>
</char>
</theme>
