<?xml version="1.0" encoding="utf-8"?>
<theme id="chowder" name="Chowder">
  <char id="chowder_char" name="Chowder" thumb="standing.swf" facing="left" default="standing.swf" motion="walk.swf" enable="Y" is_premium="N" aid="8710" money="0" sharing="0">
    <category name="Eat stuff">
      <action id="eat.swf" name="Eat" loop="Y" totalframe="74" enable="Y" aid="8718">
        <prop id="apple02.swf" aid="8886"/>
      </action>
      <action id="put_mouth.swf" name="Put into mouth" loop="Y" totalframe="27" enable="Y" aid="8719">
        <prop id="apple02.swf" aid="8886"/>
      </action>
      <action id="chew.swf" name="Chew" loop="Y" totalframe="24" enable="Y" aid="8720"/>
      <action id="swallow.swf" name="Swallow" loop="Y" totalframe="27" enable="Y" aid="8721"/>
    </category>
    <category name="Emotion">
      <action id="excited.swf" name="Excited" loop="Y" totalframe="6" enable="Y" aid="8713"/>
      <action id="sad.swf" name="Sad" loop="Y" totalframe="32" enable="Y" aid="8714"/>
      <action id="angry.swf" name="Angry" loop="Y" totalframe="75" enable="Y" aid="8715"/>
      <action id="surprised.swf" name="Surprised" loop="Y" totalframe="32" enable="Y" aid="8716"/>
      <action id="cry.swf" name="Cry" loop="Y" totalframe="63" enable="Y" aid="8717"/>
      <action id="thinking.swf" name="Thinking" loop="Y" totalframe="90" enable="Y" aid="8728"/>
    </category>
    <category name="Standing">
      <action id="standing.swf" name="Frontview" loop="Y" totalframe="40" enable="Y" aid="8711"/>
      <action id="backview.swf" name="Backview" loop="Y" totalframe="50" enable="Y" aid="8712"/>
    </category>
    <action id="sitting.swf" name="Sitting" loop="Y" totalframe="49" enable="Y" aid="8722"/>
    <action id="talk.swf" name="Talk" loop="Y" totalframe="100" enable="Y" aid="8723"/>
    <action id="lick.swf" name="Lick" loop="Y" totalframe="14" enable="Y" aid="8724"/>
    <action id="regurgitate.swf" name="Spit up" loop="Y" totalframe="54" enable="Y" aid="8725">
      <prop id="apple02.swf" aid="8886"/>
    </action>
    <action id="burp.swf" name="Burp" loop="Y" totalframe="57" enable="Y" aid="8726"/>
    <action id="carry_still.swf" name="Hold tray" loop="Y" totalframe="40" enable="Y" aid="8727">
      <prop id="apple02.swf" aid="8886"/>
    </action>
    <action id="smell.swf" name="Smell" loop="Y" totalframe="115" enable="Y" aid="8729"/>
    <action id="hit_fruit.swf" name="Hit no fruit" loop="Y" totalframe="34" enable="Y" aid="8730"/>
    <action id="point_at.swf" name="Point at" loop="Y" totalframe="34" enable="Y" aid="8731"/>
    <motion id="walk.swf" name="Walk" loop="Y" totalframe="24" enable="Y" aid="8732"/>
    <motion id="run.swf" name="Run" loop="Y" totalframe="16" enable="Y" aid="8733"/>
    <motion id="carry_walk.swf" name="Carry tray" loop="Y" totalframe="24" enable="Y" aid="8734"/>
    <facial id="head_talk_happy.swf" name="Talk happy" enable="Y" aid="8735"/>
    <facial id="head_talk_angry.swf" name="Talk angry" enable="Y" aid="8736"/>
    <facial id="head_talk_sad.swf" name="Talk sad" enable="Y" aid="8737"/>
    <facial id="head_confused.swf" name="Confused" enable="Y" aid="8738"/>
    <facial id="head_in_love.swf" name="In love" enable="Y" aid="8739"/>
    <facial id="head_hung_smile.swf" name="Huge smile" enable="Y" aid="8740"/>
    <facial id="head_scared.swf" name="Scared" enable="Y" aid="8741"/>
    <facial id="head_lick.swf" name="Lick lips" enable="Y" aid="8742"/>
    <facial id="head_frustrated.swf" name="Frustrated" enable="Y" aid="8743"/>
    <facial id="head_desperate.swf" name="Desperate" enable="Y" aid="8744"/>
    <facial id="head_talk.swf" name="Talk" enable="Y" aid="8745"/>
    <facial id="head_sad.swf" name="Sad" enable="Y" aid="8746"/>
    <facial id="head_angry.swf" name="Angry" enable="Y" aid="8747"/>
    <facial id="head_happy.swf" name="Happy" enable="Y" aid="8748"/>
    <facial id="head_neutral.swf" name="Neutral" enable="Y" aid="8749"/>
  </char>
  <char id="mung_daal_char" name="Mung Daal" thumb="standing.swf" facing="left" default="standing.swf" motion="walk.swf" enable="Y" is_premium="N" aid="8750" money="0" sharing="0">
    <category name="Emotion">
      <action id="sad.swf" name="Sad" loop="Y" totalframe="100" enable="Y" aid="8756"/>
      <action id="angry.swf" name="Angry" loop="Y" totalframe="100" enable="Y" aid="8757"/>
      <action id="surprised.swf" name="Surprised" loop="Y" totalframe="81" enable="Y" aid="8758"/>
      <action id="happy.swf" name="Happy" loop="Y" totalframe="100" enable="Y" aid="8759"/>
      <action id="thinking.swf" name="Thinking" loop="Y" totalframe="100" enable="Y" aid="8760"/>
      <action id="desperate.swf" name="Desperate" loop="Y" totalframe="100" enable="Y" aid="8761"/>
      <action id="crazy.swf" name="Go crazy" loop="Y" totalframe="100" enable="Y" aid="8853"/>
    </category>
    <category name="Hold tray">
      <action id="hold_tray.swf" name="Still" loop="Y" totalframe="55" enable="Y" aid="8754">
        <prop id="apple02.swf" aid="8886"/>
      </action>
      <action id="tipping_food.swf" name="Tip food" loop="Y" totalframe="47" enable="Y" aid="8755">
        <prop id="apple02.swf" aid="8886"/>
      </action>
    </category>
    <category name="Standing">
      <action id="standing.swf" name="Frontview" loop="Y" totalframe="55" enable="Y" aid="8751"/>
      <action id="backview.swf" name="Backview" loop="Y" totalframe="60" enable="Y" aid="8752"/>
      <action id="lean_against.swf" name="lean against" loop="Y" totalframe="1" enable="Y" aid="8753"/>
    </category>
    <action id="sitting.swf" name="Sitting" loop="Y" totalframe="80" enable="Y" aid="8762"/>
    <action id="talk.swf" name="Talk" loop="Y" totalframe="100" enable="Y" aid="8763"/>
    <action id="point_at.swf" name="Point at" loop="Y" totalframe="67" enable="Y" aid="8764"/>
    <action id="taste.swf" name="Taste" loop="Y" totalframe="57" enable="Y" aid="8765">
      <prop id="apple02.swf" aid="8886"/>
    </action>
    <action id="hit_fruit.swf" name="Hit no fruit" loop="Y" totalframe="61" enable="Y" aid="8766"/>
    <action id="chop.swf" name="Chop" loop="Y" totalframe="60" enable="Y" aid="8767"/>
    <action id="stirring.swf" name="Stir" loop="Y" totalframe="25" enable="Y" aid="8768"/>
    <motion id="walk.swf" name="Walk" loop="Y" totalframe="24" enable="Y" aid="8769"/>
    <motion id="run.swf" name="Run" loop="Y" totalframe="14" enable="Y" aid="8770"/>
    <motion id="carry_walk.swf" name="Carry tray" loop="Y" totalframe="24" enable="Y" aid="8771"/>
    <facial id="head_talk_happy.swf" name="Talk happy" enable="Y" aid="8772"/>
    <facial id="head_talk_angry.swf" name="Talk angry" enable="Y" aid="8773"/>
    <facial id="head_talk_sad.swf" name="Talk sad" enable="Y" aid="8774"/>
    <facial id="head_confused.swf" name="Confused" enable="Y" aid="8775"/>
    <facial id="head_in_love.swf" name="In love" enable="Y" aid="8776"/>
    <facial id="head_sweat.swf" name="Sweating" enable="Y" aid="8777"/>
    <facial id="head_scared.swf" name="Scared" enable="Y" aid="8778"/>
    <facial id="head_scheming.swf" name="Scheming" enable="Y" aid="8779"/>
    <facial id="head_sick.swf" name="Sick" enable="Y" aid="8780"/>
    <facial id="head_laugh.swf" name="Big laugh" enable="Y" aid="8781"/>
    <facial id="head_happy.swf" name="Happy" enable="Y" aid="8782"/>
    <facial id="head_sad.swf" name="Sad" enable="Y" aid="8783"/>
    <facial id="head_angry.swf" name="Angry" enable="Y" aid="8784"/>
    <facial id="head_talk.swf" name="Talk" enable="Y" aid="8785"/>
    <facial id="head_neutral.swf" name="Neutral" enable="Y" aid="8786"/>
  </char>
  <char id="panini_char" name="Panini" thumb="standing.swf" facing="left" default="standing.swf" motion="walk.swf" enable="Y" is_premium="N" aid="8787" money="0" sharing="0">
    <category name="Emotion">
      <action id="sad.swf" name="Sad" loop="Y" totalframe="80" enable="Y" aid="8790"/>
      <action id="angry.swf" name="Angry" loop="Y" totalframe="100" enable="Y" aid="8791"/>
      <action id="surprised.swf" name="Surprised" loop="Y" totalframe="77" enable="Y" aid="8792"/>
      <action id="happy.swf" name="Happy" loop="Y" totalframe="90" enable="Y" aid="8793"/>
      <action id="thinking.swf" name="Thinking" loop="Y" totalframe="126" enable="Y" aid="8794"/>
      <action id="cry.swf" name="Cry" loop="Y" totalframe="21" enable="Y" aid="8795"/>
      <action id="scared.swf" name="Scared" loop="Y" totalframe="84" enable="Y" aid="8796"/>
      <action id="shy.swf" name="Shy" loop="Y" totalframe="99" enable="Y" aid="8797"/>
      <action id="desperate.swf" name="Desperate" loop="Y" totalframe="149" enable="Y" aid="8798"/>
    </category>
    <category name="Standing">
      <action id="standing.swf" name="Frontview" loop="Y" totalframe="60" enable="Y" aid="8788"/>
      <action id="backview.swf" name="Backview" loop="Y" totalframe="60" enable="Y" aid="8789"/>
    </category>
    <action id="sitting.swf" name="Sitting" loop="Y" totalframe="80" enable="Y" aid="8799"/>
    <action id="talk.swf" name="Talk" loop="Y" totalframe="100" enable="Y" aid="8800"/>
    <action id="point_at.swf" name="Point at" loop="Y" totalframe="55" enable="Y" aid="8801"/>
    <action id="hug_kiss.swf" name="Hug and kiss" loop="Y" totalframe="100" enable="Y" aid="8802"/>
    <action id="wave_hand.swf" name="Wave hand" loop="Y" totalframe="39" enable="Y" aid="8803"/>
    <action id="flirt.swf" name="Flirt" loop="Y" totalframe="90" enable="Y" aid="8804"/>
    <action id="throw_thing.swf" name="Throw things" loop="Y" totalframe="79" enable="Y" aid="8805">
      <prop id="nail.swf" aid="8637"/>
    </action>
    <action id="carry_still.swf" name="Hold tray" loop="Y" totalframe="67" enable="Y" aid="8806">
      <prop id="apple02.swf" aid="8886"/>
    </action>
    <motion id="walk.swf" name="Walk" loop="Y" totalframe="16" enable="Y" aid="8807"/>
    <motion id="run.swf" name="Run" loop="Y" totalframe="12" enable="Y" aid="8808"/>
    <motion id="carry_walk.swf" name="Carry tray" loop="Y" totalframe="16" enable="Y" aid="8809"/>
    <facial id="head_talk_happy.swf" name="Talk happy" enable="Y" aid="8810"/>
    <facial id="head_talk_angry.swf" name="Talk angry" enable="Y" aid="8811"/>
    <facial id="head_talk_sad.swf" name="Talk sad" enable="Y" aid="8812"/>
    <facial id="head_confused.swf" name="Confused" enable="Y" aid="8813"/>
    <facial id="head_in_love.swf" name="In love" enable="Y" aid="8814"/>
    <facial id="head_kiss.swf" name="Kiss" enable="Y" aid="8815"/>
    <facial id="head_dreamy.swf" name="Dreamy" enable="Y" aid="8816"/>
    <facial id="head_crazy.swf" name="Go crazy" enable="N" aid="8817"/>
    <facial id="head_talk_sexy.swf" name="Talk flirty" enable="Y" aid="8818"/>
    <facial id="head_laugh.swf" name="Laugh" enable="Y" aid="8819"/>
    <facial id="head_happy.swf" name="Happy" enable="Y" aid="8820"/>
    <facial id="head_sad.swf" name="Sad" enable="Y" aid="8821"/>
    <facial id="head_angry.swf" name="Angry" enable="Y" aid="8822"/>
    <facial id="head_talk.swf" name="Talk" enable="Y" aid="8823"/>
    <facial id="head_cute.swf" name="Cute" enable="Y" aid="8824"/>
  </char>
  <char id="shnitzel_char" name="Shnitzel" thumb="standing.swf" facing="left" default="standing.swf" motion="walk.swf" enable="Y" is_premium="N" aid="8672" money="0" sharing="0">
    <category name="Emotion">
      <action id="sad.swf" name="Sad" loop="Y" totalframe="100" enable="Y" aid="8675"/>
      <action id="angry.swf" name="Angry" loop="Y" totalframe="50" enable="Y" aid="8676"/>
      <action id="surprised.swf" name="Surprised" loop="Y" totalframe="100" enable="Y" aid="8677"/>
      <action id="happy.swf" name="Happy" loop="Y" totalframe="80" enable="Y" aid="8678"/>
      <action id="confused.swf" name="Confused" loop="Y" totalframe="120" enable="Y" aid="8679"/>
    </category>
    <category name="Hold stuff">
      <action id="throw.swf" name="Throw" loop="Y" totalframe="38" enable="Y" aid="8680">
        <prop id="rock02.swf" aid="8889"/>
      </action>
      <action id="collapse.swf" name="Collapse" loop="Y" totalframe="170" enable="Y" aid="8681">
        <prop id="rock02.swf" aid="8889"/>
      </action>
      <action id="lift.swf" name="Lift" loop="Y" totalframe="60" enable="Y" aid="8682">
        <prop id="rock02.swf" aid="8889"/>
      </action>
      <action id="hold.swf" name="Still" loop="Y" totalframe="60" enable="Y" aid="8683">
        <prop id="rock02.swf" aid="8889"/>
      </action>
    </category>
    <category name="Standing">
      <action id="standing.swf" name="Frontview" loop="Y" totalframe="49" enable="Y" aid="8673"/>
      <action id="backview.swf" name="Backview" loop="Y" totalframe="49" enable="Y" aid="8674"/>
    </category>
    <action id="sitting.swf" name="Sitting" loop="Y" totalframe="80" enable="Y" aid="8684"/>
    <action id="talk.swf" name="Talk" loop="Y" totalframe="100" enable="Y" aid="8685"/>
    <action id="point_at.swf" name="Point at" loop="Y" totalframe="60" enable="Y" aid="8686"/>
    <action id="hit_fruit.swf" name="Hit no fruit" loop="Y" totalframe="29" enable="Y" aid="8687"/>
    <action id="eat.swf" name="Eat" loop="Y" totalframe="130" enable="Y" aid="8688">
      <prop id="apple02.swf" aid="8886"/>
    </action>
    <action id="mop.swf" name="Mop the floor" loop="Y" totalframe="21" enable="Y" aid="8689"/>
    <action id="jump.swf" name="Jump" loop="Y" totalframe="22" enable="Y" aid="8690"/>
    <motion id="walk.swf" name="Walk" loop="Y" totalframe="20" enable="Y" aid="8691"/>
    <motion id="carry_staff.swf" name="Carry stuff" loop="Y" totalframe="20" enable="Y" aid="8692"/>
    <motion id="run.swf" name="Run" loop="Y" totalframe="12" enable="Y" aid="8693"/>
    <motion id="carry_walk.swf" name="Push stuff" loop="Y" totalframe="20" enable="Y" aid="8694"/>
    <facial id="head_talk_happy.swf" name="Talk happy" enable="Y" aid="8695"/>
    <facial id="head_talk_angry.swf" name="Talk angry" enable="Y" aid="8696"/>
    <facial id="head_talk_sad.swf" name="Talk sad" enable="Y" aid="8697"/>
    <facial id="head_confused.swf" name="Confused" enable="Y" aid="8698"/>
    <facial id="head_in_love.swf" name="In love" enable="Y" aid="8699"/>
    <facial id="head_desperate.swf" name="Desperate" enable="Y" aid="8700"/>
    <facial id="head_sweating.swf" name="Sweating" enable="Y" aid="8701"/>
    <facial id="head_broken_teeth.swf" name="Broken teeth" enable="Y" aid="8702"/>
    <facial id="head_laugh.swf" name="Laugh" enable="Y" aid="8703"/>
    <facial id="head_happy.swf" name="Happy" enable="Y" aid="8704"/>
    <facial id="head_sad.swf" name="Sad" enable="Y" aid="8705"/>
    <facial id="head_angry.swf" name="Angry" enable="Y" aid="8706"/>
    <facial id="head_talk.swf" name="Talk" enable="Y" aid="8707"/>
    <facial id="head_neutral.swf" name="Neutral" enable="Y" aid="8708"/>
    <facial id="head_shock.swf" name="Shock" enable="Y" aid="8709"/>
  </char>
  <char id="kimchi_char" name="Kimchi" thumb="kimchi_float.swf" facing="left" default="kimchi_float.swf" motion="kimchi_move.swf" enable="Y" is_premium="N" aid="8825" money="0" sharing="0">
    <action id="kimchi_float.swf" name="Stand" loop="Y" totalframe="34" enable="Y" aid="8826"/>
    <motion id="kimchi_move.swf" name="Walk" loop="Y" totalframe="34" enable="Y" aid="8827"/>
  </char>
  <char id="endive" name="Endive" thumb="standing.swf" facing="left" default="standing.swf" motion="walk.swf" enable="Y" is_premium="N" aid="10078" money="0" sharing="0">
    <category name="Emotion">
      <action id="happy.swf" name="Happy" loop="Y" totalframe="80" enable="Y" aid="10079"/>
      <action id="sad.swf" name="Sad" loop="Y" totalframe="100" enable="Y" aid="10080"/>
      <action id="angry.swf" name="Angry" loop="Y" totalframe="35" enable="Y" aid="10081"/>
      <action id="surprised.swf" name="Surprised" loop="Y" totalframe="70" enable="Y" aid="10082"/>
      <action id="thinking.swf" name="Thinking" loop="Y" totalframe="76" enable="Y" aid="10083"/>
      <action id="cry.swf" name="Cry" loop="Y" totalframe="31" enable="Y" aid="10084"/>
      <action id="laugh.swf" name="Laugh" loop="Y" totalframe="5" enable="Y" aid="10085"/>
      <action id="scared.swf" name="Scared" loop="Y" totalframe="12" enable="Y" aid="10086"/>
      <action id="shocked.swf" name="Shocked" loop="Y" totalframe="80" enable="Y" aid="10087"/>
    </category>
    <category name="Standing">
      <action id="standing.swf" name="Frontview" loop="Y" totalframe="45" enable="Y" aid="10088"/>
      <action id="backview.swf" name="Backview" loop="Y" totalframe="55" enable="Y" aid="10089"/>
    </category>
    <action id="sitting.swf" name="Sitting" loop="Y" totalframe="50" enable="Y" aid="10090"/>
    <action id="eat.swf" name="Eat" loop="Y" totalframe="67" enable="Y" aid="10091">
      <prop id="apple.swf" aid="8634"/>
    </action>
    <action id="shout.swf" name="Shout" loop="Y" totalframe="80" enable="Y" aid="10092"/>
    <action id="talk.swf" name="Talk" loop="Y" totalframe="100" enable="Y" aid="10093"/>
    <action id="point_at.swf" name="Point at" loop="Y" totalframe="40" enable="Y" aid="10094"/>
    <action id="flirt.swf" name="Flirt" loop="Y" totalframe="65" enable="Y" aid="10095"/>
    <action id="stroking.swf" name="Stroke" loop="Y" totalframe="100" enable="Y" aid="10096"/>
    <motion id="walk.swf" name="Walk" loop="Y" totalframe="11" enable="Y" aid="10097"/>
    <motion id="run.swf" name="Run" loop="Y" totalframe="12" enable="Y" aid="10098"/>
    <facial id="head_talk_happy.swf" name="Talk happy" enable="Y" aid="10099"/>
    <facial id="head_talk_angry.swf" name="Talk angry" enable="Y" aid="10100"/>
    <facial id="head_talk_sad.swf" name="Talk sad" enable="Y" aid="10101"/>
    <facial id="head_confused.swf" name="Confused" enable="Y" aid="10102"/>
    <facial id="head_stalking.swf" name="Stalking" enable="Y" aid="10103"/>
    <facial id="head_shocked.swf" name="Shocked" enable="Y" aid="10104"/>
    <facial id="head_flirt.swf" name="Flirt" enable="Y" aid="10105"/>
    <facial id="head_surprised.swf" name="Surprised" enable="Y" aid="10106"/>
    <facial id="head_talk_flirt.swf" name="Talk flirt" enable="Y" aid="10107"/>
    <facial id="head_laugh.swf" name="Laugh" enable="Y" aid="10108"/>
    <facial id="head_happy.swf" name="Happy" enable="Y" aid="10109"/>
    <facial id="head_sad.swf" name="Sad" enable="Y" aid="10110"/>
    <facial id="head_angry.swf" name="Angry" enable="Y" aid="10111"/>
    <facial id="head_talk.swf" name="Talk" enable="Y" aid="10112"/>
    <facial id="head_neutral.swf" name="Neutral" enable="Y" aid="10113"/>
  </char>
  <char id="gazpacho" name="Gazpacho" thumb="standing.swf" facing="left" default="standing.swf" motion="walk.swf" enable="Y" is_premium="N" aid="10114" money="0" sharing="0">
    <category name="Emotion">
      <action id="happy.swf" name="Happy" loop="Y" totalframe="41" enable="Y" aid="10115"/>
      <action id="cry.swf" name="Cry" loop="Y" totalframe="25" enable="Y" aid="10116"/>
      <action id="sad.swf" name="Sad" loop="Y" totalframe="45" enable="Y" aid="10117"/>
      <action id="angry.swf" name="Angry" loop="Y" totalframe="53" enable="Y" aid="10118"/>
      <action id="surprised.swf" name="Surprised" loop="Y" totalframe="40" enable="Y" aid="10119"/>
      <action id="thinking.swf" name="Thinking" loop="Y" totalframe="100" enable="Y" aid="10120"/>
      <action id="desperate.swf" name="Desperate" loop="Y" totalframe="8" enable="Y" aid="10121"/>
      <action id="scared.swf" name="Scared" loop="Y" totalframe="6" enable="Y" aid="10122"/>
    </category>
    <category name="Standing">
      <action id="standing.swf" name="Frontview" loop="Y" totalframe="16" enable="Y" aid="10123"/>
      <action id="backview.swf" name="Backview" loop="Y" totalframe="39" enable="Y" aid="10124"/>
    </category>
    <action id="sitting.swf" name="Sitting" loop="Y" totalframe="39" enable="Y" aid="10125"/>
    <action id="talk.swf" name="Talk" loop="Y" totalframe="100" enable="Y" aid="10126"/>
    <action id="point_at.swf" name="Point at" loop="Y" totalframe="35" enable="Y" aid="10127"/>
    <action id="taste.swf" name="Eat" loop="Y" totalframe="100" enable="Y" aid="10128">
      <prop id="apple.swf" aid="8634"/>
    </action>
    <action id="pick_up.swf" name="Get an idea" loop="Y" totalframe="36" enable="Y" aid="10129">
      <prop id="apple.swf" aid="8634"/>
    </action>
    <motion id="walk.swf" name="Walk" loop="Y" totalframe="36" enable="Y" aid="10130"/>
    <motion id="run.swf" name="Run" loop="Y" totalframe="16" enable="Y" aid="10131"/>
    <facial id="head_talk_angry.swf" name="Talk angry" enable="Y" aid="10132"/>
    <facial id="head_confused.swf" name="Confused" enable="Y" aid="10133"/>
    <facial id="head_sweating.swf" name="Sweating" enable="Y" aid="10134"/>
    <facial id="head_surprised.swf" name="Suprised" enable="Y" aid="10135"/>
    <facial id="head_laugh.swf" name="Laugh" enable="Y" aid="10136"/>
    <facial id="head_shocked.swf" name="Shocked" enable="Y" aid="10137"/>
    <facial id="head_cry.swf" name="Cry" enable="Y" aid="10138"/>
    <facial id="head_smile.swf" name="Smile" enable="Y" aid="10139"/>
    <facial id="head_happy.swf" name="Happy" enable="Y" aid="10140"/>
    <facial id="head_sad.swf" name="Sad" enable="Y" aid="10141"/>
    <facial id="head_angry.swf" name="Angry" enable="Y" aid="10142"/>
    <facial id="head_talk.swf" name="Talk" enable="Y" aid="10143"/>
    <facial id="head_neutral.swf" name="Neutral" enable="Y" aid="10144"/>
    <facial id="head_talk_happy.swf" name="Talk happy" enable="Y" aid="10145"/>
    <facial id="head_talk_sad.swf" name="Talk sad" enable="Y" aid="10146"/>
  </char>
  <char id="truffles" name="Truffles" thumb="standing.swf" facing="left" default="standing.swf" motion="fly.swf" enable="Y" is_premium="N" aid="10147" money="0" sharing="0">
    <category name="Emotion">
      <action id="excited.swf" name="Excited" loop="Y" totalframe="40" enable="Y" aid="10148"/>
      <action id="sad.swf" name="Sad" loop="Y" totalframe="40" enable="Y" aid="10149"/>
      <action id="angry.swf" name="Angry" loop="Y" totalframe="40" enable="Y" aid="10150"/>
      <action id="surprised.swf" name="Surprised" loop="Y" totalframe="40" enable="Y" aid="10151"/>
      <action id="thinking.swf" name="Thinking" loop="Y" totalframe="40" enable="Y" aid="10152"/>
      <action id="cry.swf" name="Cry" loop="Y" totalframe="40" enable="Y" aid="10153"/>
      <action id="in_love.swf" name="In love" loop="Y" totalframe="40" enable="Y" aid="10154"/>
      <action id="shout.swf" name="Furious" loop="Y" totalframe="40" enable="Y" aid="10155"/>
      <action id="meditating.swf" name="Meditating" loop="Y" totalframe="40" enable="Y" aid="10156"/>
    </category>
    <category name="Standing">
      <action id="standing.swf" name="Frontview" loop="Y" totalframe="40" enable="Y" aid="10157"/>
      <action id="backview.swf" name="Backview" loop="Y" totalframe="40" enable="Y" aid="10158"/>
      <action id="cross_arm.swf" name="Crossed arms" loop="Y" totalframe="40" enable="Y" aid="10159"/>
    </category>
    <action id="sitting.swf" name="Sitting" loop="Y" totalframe="50" enable="Y" aid="10160"/>
    <action id="talk.swf" name="Talk" loop="Y" totalframe="40" enable="Y" aid="10161"/>
    <action id="point_at.swf" name="Point at" loop="Y" totalframe="40" enable="Y" aid="10162"/>
    <action id="reading.swf" name="Reading" loop="Y" totalframe="40" enable="Y" aid="10163">
      <prop id="book.swf" aid="10047"/>
    </action>
    <action id="listening.swf" name="What did you say?" loop="Y" totalframe="40" enable="Y" aid="10164"/>
    <action id="clapping.swf" name="Clap hands" loop="Y" totalframe="40" enable="Y" aid="10165"/>
    <action id="hit.swf" name="Hit with prop" loop="Y" totalframe="40" enable="Y" aid="10166">
      <prop id="pan.swf" aid="10055"/>
    </action>
    <action id="writing.swf" name="Writing" loop="Y" totalframe="40" enable="Y" aid="10167"/>
    <motion id="fly.swf" name="Fly" loop="Y" totalframe="40" enable="Y" aid="10168"/>
    <facial id="head_in_love.swf" name="In love" enable="Y" aid="10169"/>
    <facial id="head_talk_happy.swf" name="Talk happy" enable="Y" aid="10170"/>
    <facial id="head_talk_angry.swf" name="Talk angry" enable="Y" aid="10171"/>
    <facial id="head_talk_sad.swf" name="Talk sad" enable="Y" aid="10172"/>
    <facial id="head_confused.swf" name="Confused" enable="Y" aid="10173"/>
    <facial id="head_shocked.swf" name="Shocked" enable="Y" aid="10174"/>
    <facial id="head_talk.swf" name="Talk" enable="Y" aid="10175"/>
    <facial id="head_sad.swf" name="Sad" enable="Y" aid="10176"/>
    <facial id="head_angry.swf" name="Angry" enable="Y" aid="10177"/>
    <facial id="head_happy.swf" name="Happy" enable="Y" aid="10178"/>
    <facial id="head_neutral.swf" name="Neutral" enable="Y" aid="10179"/>
    <facial id="head_laugh.swf" name="Laugh" enable="Y" aid="10180"/>
    <facial id="head_cry.swf" name="Cry" enable="Y" aid="10181"/>
    <facial id="head_closed.swf" name="Closed eye" enable="Y" aid="10182"/>
    <facial id="head_surprised.swf" name="Suprised" enable="Y" aid="10183"/>
  </char>
  <background id="kitchen1_bg.swf" name="Kitchen 1" enable="N" default="N" is_premium="N" aid="8828" money="0" sharing="0"/>
  <background id="entry_bg.swf" name="" enable="N" default="N" is_premium="N" aid="10187" money="0" sharing="0"/>
  <background id="pantry_bg.swf" name="" enable="N" default="N" is_premium="N" aid="10186" money="0" sharing="0"/>
  <background id="endive_bg.swf" name="" enable="N" default="N" is_premium="N" aid="10185" money="0" sharing="0"/>
  <background id="street_house_bg.swf" name="" enable="N" default="N" is_premium="N" aid="10184" money="0" sharing="0"/>
  <background id="kitchen_dirty_bg.swf" name="Dirty kitchen" enable="N" default="N" is_premium="N" aid="8837" money="0" sharing="0"/>
  <background id="bedroom_bg.swf" name="Chowder's bedroom" enable="N" default="N" is_premium="N" aid="8836" money="0" sharing="0"/>
  <background id="city_bg.swf" name="City" enable="N" default="N" is_premium="N" aid="8835" money="0" sharing="0"/>
  <background id="front_door_bg.swf" name="Restaurant front" enable="N" default="N" is_premium="N" aid="8834" money="0" sharing="0"/>
  <background id="inside_bg.swf" name="Restaurant entrance" enable="N" default="N" is_premium="N" aid="8833" money="0" sharing="0"/>
  <background id="market_bg.swf" name="Market" enable="N" default="N" is_premium="N" aid="8832" money="0" sharing="0"/>
  <background id="street_bg.swf" name="Street" enable="N" default="N" is_premium="N" aid="8831" money="0" sharing="0"/>
  <background id="kitchen3_bg.swf" name="Kitchen 3" enable="N" default="N" is_premium="N" aid="8830" money="0" sharing="0"/>
  <background id="kitchen2_bg.swf" name="Kitchen 2" enable="N" default="N" is_premium="N" aid="8829" money="0" sharing="0"/>
  <background id="bridge_bg.swf" name="" enable="N" default="N" is_premium="N" aid="10188" money="0" sharing="0"/>
  <compositebg id="cbg_bedroom" name="Chowder's bedroom" enable="Y" default="N" thumb="bedroom01_bg.jpg" display_order="0" is_premium="N" money="0" sharing="0" aid="8838">
  <bg id="cbg_bedroom_BG7" index="0">
    <file>chowder.bedroom_bg.swf</file>
  </bg>
  <prop id="cbg_bedroom_PROP1" index="2">
    <file>chowder.bedroom_prop02.swf</file>
    <x>313</x>
    <y>238</y>
    <xscale>1</xscale>
    <yscale>1</yscale>
    <face>1</face>
    <rotation>0</rotation>
  </prop>
  <prop id="cbg_bedroom_PROP2" index="3">
    <file>chowder.bedroom_prop03.swf</file>
    <x>80</x>
    <y>223</y>
    <xscale>1</xscale>
    <yscale>1</yscale>
    <face>1</face>
    <rotation>0</rotation>
  </prop>
  <prop id="cbg_bedroom_PROP3" index="4">
    <file>chowder.bedroom_prop01.swf</file>
    <x>410.7</x>
    <y>178.4</y>
    <xscale>1</xscale>
    <yscale>1</yscale>
    <face>1</face>
    <rotation>0</rotation>
  </prop>
</compositebg>
  <compositebg id="cbg_entry" name="" enable="Y" default="N" thumb="entry.jpg" display_order="0" is_premium="N" money="0" sharing="0" aid="10192">
  <bg id="cbg_entry_BG10" index="0">
    <file>chowder.entry_bg.swf</file>
  </bg>
  <prop id="cbg_entry_PROP10" index="1">
    <file>chowder.msp_entry_door.msp_entry_door_entry_door_closed.swf</file>
    <x>376.5</x>
    <y>155.7</y>
    <xscale>1</xscale>
    <yscale>1</yscale>
    <face>1</face>
    <rotation>0</rotation>
  </prop>
  <prop id="PROP9" index="3">
    <file>chowder.entry_door_over.swf</file>
    <x>313</x>
    <y>346.1</y>
    <xscale>1</xscale>
    <yscale>1</yscale>
    <face>1</face>
    <rotation>0</rotation>
  </prop>
</compositebg>
  <compositebg id="cbg_pantry" name="" enable="Y" default="N" thumb="pantry.jpg" display_order="0" is_premium="N" money="0" sharing="0" aid="10191">
  <bg id="cbg_pantry_BG10" index="0">
    <file>chowder.pantry_bg.swf</file>
  </bg>
  <prop id="cbg_pantry_PROP9" index="3">
    <file>chowder.pantry_prop01.swf</file>
    <x>555</x>
    <y>235</y>
    <xscale>1</xscale>
    <yscale>1</yscale>
    <face>1</face>
    <rotation>0</rotation>
  </prop>
  <prop id="cbg_pantry_PROP10" index="4">
    <file>chowder.pantry_prop02.swf</file>
    <x>137</x>
    <y>236</y>
    <xscale>1</xscale>
    <yscale>1</yscale>
    <face>1</face>
    <rotation>0</rotation>
  </prop>
  <prop id="cbg_pantry_PROP4" index="1">
    <file>chowder.pantry_table.swf</file>
    <x>342</x>
    <y>335</y>
    <xscale>1</xscale>
    <yscale>1</yscale>
    <face>1</face>
    <rotation>0</rotation>
  </prop>
</compositebg>
  <compositebg id="cbg_endive_home" name="" enable="Y" default="N" thumb="endive_home.jpg" display_order="0" is_premium="N" money="0" sharing="0" aid="10190">
  <bg id="cbg_endive_home_BG11" index="0">
    <file>chowder.endive_bg.swf</file>
  </bg>
  <prop id="cbg_endive_home_PROP12" index="2">
    <file>chowder.endive_prop01.swf</file>
    <x>84</x>
    <y>140</y>
    <xscale>1</xscale>
    <yscale>1</yscale>
    <face>1</face>
    <rotation>0</rotation>
  </prop>
  <prop id="cbg_endive_home_PROP9" index="3">
    <file>chowder.endive_chair01.swf</file>
    <x>225</x>
    <y>245</y>
    <xscale>1</xscale>
    <yscale>1</yscale>
    <face>1</face>
    <rotation>0</rotation>
  </prop>
  <prop id="cbg_endive_home_PROP10" index="4">
    <file>chowder.endive_chair02.swf</file>
    <x>420</x>
    <y>242</y>
    <xscale>1</xscale>
    <yscale>1</yscale>
    <face>1</face>
    <rotation>0</rotation>
  </prop>
  <prop id="cbg_endive_home_PROP11" index="5">
    <file>chowder.endive_table.swf</file>
    <x>320.8</x>
    <y>274.1</y>
    <xscale>1</xscale>
    <yscale>1</yscale>
    <face>1</face>
    <rotation>0</rotation>
  </prop>
  <prop id="cbg_endive_home_PROP13" index="6">
    <file>chowder.endive_over01.swf</file>
    <x>115.7</x>
    <y>158.1</y>
    <xscale>1</xscale>
    <yscale>1</yscale>
    <face>1</face>
    <rotation>0</rotation>
  </prop>
  <prop id="cbg_endive_home_PROP14" index="7">
    <file>chowder.endive_over02.swf</file>
    <x>554</x>
    <y>190</y>
    <xscale>1</xscale>
    <yscale>1</yscale>
    <face>1</face>
    <rotation>0</rotation>
  </prop>
</compositebg>
  <compositebg id="cbg_street02" name="" enable="Y" default="N" thumb="street.jpg" display_order="0" is_premium="N" money="0" sharing="0" aid="10189">
  <bg id="cbg_street02_BG10" index="0">
    <file>chowder.street_house_bg.swf</file>
  </bg>
  <prop id="cbg_street02_PROP9" index="2">
    <file>chowder.street_house01.swf</file>
    <x>96</x>
    <y>203</y>
    <xscale>1</xscale>
    <yscale>1</yscale>
    <face>1</face>
    <rotation>0</rotation>
  </prop>
  <prop id="cbg_street02_PROP10" index="3">
    <file>chowder.street_house02.swf</file>
    <x>473</x>
    <y>214</y>
    <xscale>1</xscale>
    <yscale>1</yscale>
    <face>1</face>
    <rotation>0</rotation>
  </prop>
</compositebg>
  <compositebg id="cbg_street" name="Street" enable="Y" default="N" thumb="street01_bg.jpg" display_order="0" is_premium="N" money="0" sharing="0" aid="8847">
  <bg id="cbg_street_BG2" index="0">
    <file>chowder.street_bg.swf</file>
  </bg>
  <prop id="cbg_street_PROP0" index="2">
    <file>chowder.street_prop02.swf</file>
    <x>239</x>
    <y>138</y>
    <xscale>1</xscale>
    <yscale>1</yscale>
    <face>1</face>
    <rotation>0</rotation>
  </prop>
  <prop id="cbg_street_PROP1" index="3">
    <file>chowder.street_prop01.swf</file>
    <x>122.7</x>
    <y>279</y>
    <xscale>1</xscale>
    <yscale>1</yscale>
    <face>1</face>
    <rotation>0</rotation>
  </prop>
</compositebg>
  <compositebg id="cbg_market" name="Market" enable="Y" default="N" thumb="market01_bg.jpg" display_order="0" is_premium="N" money="0" sharing="0" aid="8846">
  <bg id="cbg_market_BG39" index="0">
    <file>chowder.market_bg.swf</file>
  </bg>
  <prop id="cbg_market_PROP25" index="2">
    <file>chowder.market_prop01.swf</file>
    <x>440</x>
    <y>209</y>
    <xscale>1</xscale>
    <yscale>1</yscale>
    <face>1</face>
    <rotation>0</rotation>
  </prop>
  <prop id="cbg_market_PROP26" index="3">
    <file>chowder.market_prop02.swf</file>
    <x>412</x>
    <y>122</y>
    <xscale>1</xscale>
    <yscale>1</yscale>
    <face>1</face>
    <rotation>0</rotation>
  </prop>
  <prop id="cbg_market_PROP27" index="4">
    <file>chowder.market_prop03.swf</file>
    <x>131</x>
    <y>320</y>
    <xscale>1</xscale>
    <yscale>1</yscale>
    <face>1</face>
    <rotation>0</rotation>
  </prop>
</compositebg>
  <compositebg id="cbg_kitchen_dirty" name="Dirty kitchen" enable="Y" default="N" thumb="kitchen_dirty01_bg.jpg" display_order="0" is_premium="N" money="0" sharing="0" aid="8845">
  <bg id="cbg_kitchen_dirty_BG35" index="0">
    <file>chowder.kitchen_dirty_bg.swf</file>
  </bg>
  <prop id="cbg_kitchen_dirty_PROP22" index="2">
    <file>chowder.kitchen_dirty_prop01.swf</file>
    <x>113</x>
    <y>167</y>
    <xscale>1</xscale>
    <yscale>1</yscale>
    <face>1</face>
    <rotation>0</rotation>
  </prop>
  <prop id="cbg_kitchen_dirty_PROP23" index="3">
    <file>chowder.kitchen_dirty_prop02.swf</file>
    <x>525</x>
    <y>165</y>
    <xscale>1</xscale>
    <yscale>1</yscale>
    <face>1</face>
    <rotation>0</rotation>
  </prop>
  <prop id="cbg_kitchen_dirty_PROP24" index="4">
    <file>chowder.kitchen_dirty_prop03.swf</file>
    <x>359</x>
    <y>289</y>
    <xscale>1</xscale>
    <yscale>1</yscale>
    <face>1</face>
    <rotation>0</rotation>
  </prop>
</compositebg>
  <compositebg id="cbg_kitchen3" name="Kitchen3" enable="Y" default="N" thumb="kitchen03_bg.jpg" display_order="0" is_premium="N" money="0" sharing="0" aid="8844">
  <bg id="cbg_kitchen3_BG21" index="0">
    <file>chowder.kitchen3_bg.swf</file>
  </bg>
  <prop id="cbg_kitchen3_PROP13" index="2">
    <file>chowder.kitchen03_prop01.swf</file>
    <x>114</x>
    <y>167</y>
    <xscale>1</xscale>
    <yscale>1</yscale>
    <face>1</face>
    <rotation>0</rotation>
  </prop>
  <prop id="cbg_kitchen3_PROP14" index="3">
    <file>chowder.kitchen03_prop02.swf</file>
    <x>525</x>
    <y>165</y>
    <xscale>1</xscale>
    <yscale>1</yscale>
    <face>1</face>
    <rotation>0</rotation>
  </prop>
  <prop id="cbg_kitchen3_PROP15" index="4">
    <file>chowder.kitchen03_prop03.swf</file>
    <x>359</x>
    <y>300</y>
    <xscale>1</xscale>
    <yscale>1</yscale>
    <face>1</face>
    <rotation>0</rotation>
  </prop>
</compositebg>
  <compositebg id="cbg_kitchen2" name="Kitchen2" enable="Y" default="N" thumb="kitchen02_bg.jpg" display_order="0" is_premium="N" money="0" sharing="0" aid="8843">
  <bg id="cbg_kitchen2_BG18" index="0">
    <file>chowder.kitchen2_bg.swf</file>
  </bg>
  <prop id="cbg_kitchen2_PROP11" index="2">
    <file>chowder.kitchen02_prop01.swf</file>
    <x>348</x>
    <y>90</y>
    <xscale>1</xscale>
    <yscale>1</yscale>
    <face>1</face>
    <rotation>0</rotation>
  </prop>
  <prop id="cbg_kitchen2_PROP12" index="3">
    <file>chowder.kitchen02_prop02.swf</file>
    <x>214.4</x>
    <y>283.5</y>
    <xscale>1</xscale>
    <yscale>1</yscale>
    <face>1</face>
    <rotation>0</rotation>
  </prop>
</compositebg>
  <compositebg id="cbg_kitchen1" name="Kitchen1" enable="Y" default="Y" thumb="kitchen01_bg.jpg" display_order="0" is_premium="N" money="0" sharing="0" aid="8842">
  <bg id="cbg_kitchen1_BG14" index="0">
    <file>chowder.kitchen1_bg.swf</file>
  </bg>
  <prop id="cbg_kitchen1_PROP8" index="2">
    <file>chowder.kitchen01_prop01.swf</file>
    <x>316</x>
    <y>93</y>
    <xscale>1</xscale>
    <yscale>1</yscale>
    <face>1</face>
    <rotation>0</rotation>
  </prop>
  <prop id="cbg_kitchen1_PROP9" index="3">
    <file>chowder.kitchen01_prop02.swf</file>
    <x>641</x>
    <y>329</y>
    <xscale>1</xscale>
    <yscale>1</yscale>
    <face>1</face>
    <rotation>0</rotation>
  </prop>
  <prop id="cbg_kitchen1_PROP10" index="4">
    <file>chowder.kitchen01_prop03.swf</file>
    <x>333</x>
    <y>375</y>
    <xscale>1</xscale>
    <yscale>1</yscale>
    <face>1</face>
    <rotation>0</rotation>
  </prop>
</compositebg>
  <compositebg id="cbg_inside" name="Restaurant entrance" enable="Y" default="N" thumb="inside01_bg.jpg" display_order="0" is_premium="N" money="0" sharing="0" aid="8841">
  <bg id="cbg_inside_BG8" index="0">
    <file>chowder.inside_bg.swf</file>
  </bg>
  <prop id="cbg_inside_PROP4" index="2">
    <file>chowder.truffles.swf</file>
    <x>365</x>
    <y>178</y>
    <xscale>0.41</xscale>
    <yscale>0.41</yscale>
    <face>-1</face>
    <rotation>0</rotation>
  </prop>
  <prop id="cbg_inside_PROP5" index="3">
    <file>chowder.inside_prop03.swf</file>
    <x>383</x>
    <y>152</y>
    <xscale>1</xscale>
    <yscale>1</yscale>
    <face>1</face>
    <rotation>0</rotation>
  </prop>
  <prop id="cbg_inside_PROP6" index="4">
    <file>chowder.inside_prop01.swf</file>
    <x>437</x>
    <y>257</y>
    <xscale>1</xscale>
    <yscale>1</yscale>
    <face>1</face>
    <rotation>0</rotation>
  </prop>
  <prop id="cbg_inside_PROP7" index="5">
    <file>chowder.inside_prop02.swf</file>
    <x>232</x>
    <y>325</y>
    <xscale>1</xscale>
    <yscale>1</yscale>
    <face>1</face>
    <rotation>0</rotation>
  </prop>
</compositebg>
  <compositebg id="cbg_front" name="Restaurant front" enable="Y" default="N" thumb="front01_bg.jpg" display_order="0" is_premium="N" money="0" sharing="0" aid="8840">
  <bg id="cbg_front_BG6" index="0">
    <file>chowder.front_door_bg.swf</file>
  </bg>
  <prop id="cbg_front_PROP3" index="2">
    <file>chowder.front_prop01.swf</file>
    <x>339</x>
    <y>85</y>
    <xscale>1</xscale>
    <yscale>1</yscale>
    <face>1</face>
    <rotation>0</rotation>
  </prop>
</compositebg>
  <compositebg id="cbg_city" name="City" enable="Y" default="N" thumb="city_01_bg.jpg" display_order="0" is_premium="N" money="0" sharing="0" aid="8839">
  <bg id="cbg_city_BG2" index="0">
    <file>chowder.city_bg.swf</file>
  </bg>
  <prop id="cbg_city_PROP0" index="2">
    <file>chowder.city_prop03.swf</file>
    <x>318</x>
    <y>190</y>
    <xscale>1</xscale>
    <yscale>1</yscale>
    <face>1</face>
    <rotation>0</rotation>
  </prop>
  <prop id="cbg_city_PROP1" index="3">
    <file>chowder.city_prop01.swf</file>
    <x>565</x>
    <y>237</y>
    <xscale>1</xscale>
    <yscale>1</yscale>
    <face>1</face>
    <rotation>0</rotation>
  </prop>
  <prop id="cbg_city_PROP2" index="4">
    <file>chowder.city_prop02.swf</file>
    <x>234</x>
    <y>235</y>
    <xscale>1</xscale>
    <yscale>1</yscale>
    <face>1</face>
    <rotation>0</rotation>
  </prop>
</compositebg>
  <compositebg id="cbg_bridge" name="" enable="Y" default="N" thumb="bridge.jpg" display_order="0" is_premium="N" money="0" sharing="0" aid="10193">
  <bg id="cbg_bridge_BG10" index="0">
    <file>chowder.bridge_bg.swf</file>
  </bg>
  <prop id="cbg_bridge_PROP9" index="2">
    <file>chowder.bridge_prop01.swf</file>
    <x>342</x>
    <y>124</y>
    <xscale>1</xscale>
    <yscale>1</yscale>
    <face>1</face>
    <rotation>0</rotation>
  </prop>
</compositebg>
  <prop id="kitchen_dirty_prop01.swf" name="prop 01" holdable="0" placeable="1" wearable="0" facing="left" thumb="" enable="N" is_premium="N" aid="8653" money="0" sharing="0"/>
  <prop id="spoon02.swf" name="Spoon" holdable="1" placeable="1" wearable="0" facing="left" thumb="" enable="Y" is_premium="N" aid="8856" money="0" sharing="0"/>
  <prop id="bowl02.swf" name="Bowl" holdable="1" placeable="1" wearable="0" facing="left" thumb="" enable="Y" is_premium="N" aid="8857" money="0" sharing="0"/>
  <prop id="fork02.swf" name="Fork" holdable="1" placeable="1" wearable="0" facing="left" thumb="" enable="Y" is_premium="N" aid="8858" money="0" sharing="0"/>
  <prop id="stick02.swf" name="Stick" holdable="1" placeable="1" wearable="0" facing="left" thumb="" enable="Y" is_premium="N" aid="8859" money="0" sharing="0"/>
  <prop id="bag02.swf" name="Bags" holdable="1" placeable="1" wearable="0" facing="left" thumb="" enable="Y" is_premium="N" aid="8860" money="0" sharing="0"/>
  <prop id="stinksack_chopper02.swf" name="Stinksack chopper" holdable="1" placeable="1" wearable="0" facing="left" thumb="" enable="Y" is_premium="N" aid="8861" money="0" sharing="0"/>
  <prop id="mop02.swf" name="Mop" holdable="1" placeable="1" wearable="0" facing="left" thumb="" enable="Y" is_premium="N" aid="8862" money="0" sharing="0"/>
  <prop id="balloon02.swf" name="Balloons" holdable="1" placeable="1" wearable="0" facing="left" thumb="" enable="Y" is_premium="N" aid="8864" money="0" sharing="0"/>
  <prop id="clabbage_cobbler02.swf" name="Clabbage cobbler" holdable="1" placeable="1" wearable="0" facing="left" thumb="" enable="Y" is_premium="N" aid="8865" money="0" sharing="0"/>
  <prop id="nofruit02.swf" name="Nofruit" holdable="1" placeable="1" wearable="0" facing="left" thumb="" enable="Y" is_premium="N" aid="8866" money="0" sharing="0"/>
  <prop id="flibbius_flabbius02.swf" name="Flibbius Flabbius" holdable="1" placeable="1" wearable="0" facing="left" thumb="" enable="Y" is_premium="N" aid="8867" money="0" sharing="0">
    <colorset enable="Y" aid="8868">
  <color r="chProp01">0x1FBE1D</color>
</colorset>
    <c_parts enable="Y">
  <c_area>chProp01</c_area>
</c_parts>
  </prop>
  <prop id="grabble_still02.swf" name="Grabbles - still" holdable="1" placeable="1" wearable="0" facing="left" thumb="" enable="Y" is_premium="N" aid="8869" money="0" sharing="0">
    <colorset enable="Y" aid="8870">
  <color r="chProp01">0xA1C72B</color>
</colorset>
    <c_parts enable="Y">
  <c_area>chProp01</c_area>
</c_parts>
  </prop>
  <prop id="powdered_flart02.swf" name="Powdered Flarts" holdable="1" placeable="1" wearable="0" facing="left" thumb="" enable="Y" is_premium="N" aid="8871" money="0" sharing="0">
    <colorset enable="Y" aid="8872">
  <color r="chProp01">0x99173D</color>
</colorset>
    <c_parts enable="Y">
  <c_area>chProp01</c_area>
</c_parts>
  </prop>
  <prop id="mevilled_eggs02.swf" name="Mevilled Eggs" holdable="1" placeable="1" wearable="0" facing="left" thumb="" enable="Y" is_premium="N" aid="8873" money="0" sharing="0"/>
  <prop id="twelve_legs_cave_frog02.swf" name="twelve legs cave frog" holdable="1" placeable="1" wearable="0" facing="left" thumb="" enable="Y" is_premium="N" aid="8874" money="0" sharing="0"/>
  <prop id="tubblekin02.swf" name="tubblekin" holdable="1" placeable="1" wearable="0" facing="left" thumb="" enable="Y" is_premium="N" aid="8875" money="0" sharing="0"/>
  <prop id="pot02.swf" name="Pot" holdable="1" placeable="1" wearable="0" facing="left" thumb="" enable="Y" is_premium="N" aid="8854" money="0" sharing="0">
    <colorset enable="Y" aid="8855">
  <color r="chProp01">0xE4C364</color>
</colorset>
    <c_parts enable="Y">
  <c_area>chProp01</c_area>
</c_parts>
  </prop>
  <prop id="truffles.swf" name="Truffles" holdable="0" placeable="1" wearable="0" facing="left" thumb="" enable="Y" is_premium="N" aid="8671" money="0" sharing="0"/>
  <prop id="inside_prop03.swf" name="prop 03" holdable="0" placeable="1" wearable="0" facing="left" thumb="" enable="N" is_premium="N" aid="8670" money="0" sharing="0"/>
  <prop id="kitchen_dirty_prop02.swf" name="prop 02" holdable="0" placeable="1" wearable="0" facing="left" thumb="" enable="N" is_premium="N" aid="8654" money="0" sharing="0"/>
  <prop id="kitchen_dirty_prop03.swf" name="prop 03" holdable="0" placeable="1" wearable="0" facing="left" thumb="" enable="N" is_premium="N" aid="8655" money="0" sharing="0"/>
  <prop id="bedroom_prop01.swf" name="prop 01" holdable="0" placeable="1" wearable="0" facing="left" thumb="" enable="N" is_premium="N" aid="8656" money="0" sharing="0"/>
  <prop id="bedroom_prop02.swf" name="prop 02" holdable="0" placeable="1" wearable="0" facing="left" thumb="" enable="N" is_premium="N" aid="8657" money="0" sharing="0"/>
  <prop id="bedroom_prop03.swf" name="prop 03" holdable="0" placeable="1" wearable="0" facing="left" thumb="" enable="N" is_premium="N" aid="8658" money="0" sharing="0"/>
  <prop id="street_prop01.swf" name="prop 01" holdable="0" placeable="1" wearable="0" facing="left" thumb="" enable="N" is_premium="N" aid="8659" money="0" sharing="0"/>
  <prop id="street_prop02.swf" name="prop 02" holdable="0" placeable="1" wearable="0" facing="left" thumb="" enable="N" is_premium="N" aid="8660" money="0" sharing="0"/>
  <prop id="market_prop01.swf" name="Gazpacho" holdable="0" placeable="1" wearable="0" facing="left" thumb="" enable="Y" is_premium="N" aid="8661" money="0" sharing="0"/>
  <prop id="market_prop02.swf" name="prop 02" holdable="0" placeable="1" wearable="0" facing="left" thumb="" enable="N" is_premium="N" aid="8662" money="0" sharing="0"/>
  <prop id="market_prop03.swf" name="prop 03" holdable="0" placeable="1" wearable="0" facing="left" thumb="" enable="N" is_premium="N" aid="8663" money="0" sharing="0"/>
  <prop id="city_prop01.swf" name="prop 01" holdable="0" placeable="1" wearable="0" facing="left" thumb="" enable="N" is_premium="N" aid="8664" money="0" sharing="0"/>
  <prop id="city_prop02.swf" name="prop 02" holdable="0" placeable="1" wearable="0" facing="left" thumb="" enable="N" is_premium="N" aid="8665" money="0" sharing="0"/>
  <prop id="city_prop03.swf" name="prop 03" holdable="0" placeable="1" wearable="0" facing="left" thumb="" enable="N" is_premium="N" aid="8666" money="0" sharing="0"/>
  <prop id="front_prop01.swf" name="prop 01" holdable="0" placeable="1" wearable="0" facing="left" thumb="" enable="N" is_premium="N" aid="8667" money="0" sharing="0"/>
  <prop id="inside_prop01.swf" name="prop 01" holdable="0" placeable="1" wearable="0" facing="left" thumb="" enable="N" is_premium="N" aid="8668" money="0" sharing="0"/>
  <prop id="inside_prop02.swf" name="prop 02" holdable="0" placeable="1" wearable="0" facing="left" thumb="" enable="N" is_premium="N" aid="8669" money="0" sharing="0"/>
  <prop id="melon02.swf" name="melon" holdable="1" placeable="1" wearable="0" facing="left" thumb="" enable="Y" is_premium="N" aid="8876" money="0" sharing="0">
    <colorset enable="Y" aid="8877">
  <color r="chProp01">0xD29A39</color>
</colorset>
    <c_parts enable="Y">
  <c_area>chProp01</c_area>
</c_parts>
  </prop>
  <prop id="coconut02.swf" name="coconut" holdable="1" placeable="1" wearable="0" facing="left" thumb="" enable="Y" is_premium="N" aid="8878" money="0" sharing="0">
    <colorset enable="Y" aid="8879">
  <color r="chProp01">0x9D8065</color>
</colorset>
    <c_parts enable="Y">
  <c_area>chProp01</c_area>
</c_parts>
  </prop>
  <prop id="msp_food_box" name="" holdable="0" placeable="1" wearable="0" facing="left" thumb="msp_food_box_food_box_open.swf" enable="Y" is_premium="N" aid="10057" money="0" sharing="0">
    <state id="msp_food_box_food_box_closed.swf" name="closed" enable="Y"/>
    <state id="msp_food_box_food_box_open.swf" name="open" enable="Y" default="Y"/>
  </prop>
  <prop id="glasses.swf" name="glasses for Endive" holdable="0" placeable="1" wearable="1" facing="left" thumb="" enable="Y" is_premium="N" aid="10060" money="0" sharing="0"/>
  <prop id="street_house01.swf" name="" holdable="0" placeable="1" wearable="0" facing="left" thumb="" enable="N" is_premium="N" aid="10061" money="0" sharing="0"/>
  <prop id="street_house02.swf" name="" holdable="0" placeable="1" wearable="0" facing="left" thumb="" enable="N" is_premium="N" aid="10062" money="0" sharing="0"/>
  <prop id="endive_chair01.swf" name="" holdable="0" placeable="1" wearable="0" facing="left" thumb="" enable="N" is_premium="N" aid="10063" money="0" sharing="0"/>
  <prop id="endive_chair02.swf" name="" holdable="0" placeable="1" wearable="0" facing="left" thumb="" enable="N" is_premium="N" aid="10064" money="0" sharing="0"/>
  <prop id="endive_over01.swf" name="" holdable="0" placeable="1" wearable="0" facing="left" thumb="" enable="N" is_premium="N" aid="10065" money="0" sharing="0"/>
  <prop id="endive_over02.swf" name="" holdable="0" placeable="1" wearable="0" facing="left" thumb="" enable="N" is_premium="N" aid="10066" money="0" sharing="0"/>
  <prop id="endive_prop01.swf" name="" holdable="0" placeable="1" wearable="0" facing="left" thumb="" enable="N" is_premium="N" aid="10067" money="0" sharing="0"/>
  <prop id="endive_table.swf" name="" holdable="0" placeable="1" wearable="0" facing="left" thumb="" enable="N" is_premium="N" aid="10068" money="0" sharing="0"/>
  <prop id="pantry_prop01.swf" name="" holdable="0" placeable="1" wearable="0" facing="left" thumb="" enable="N" is_premium="N" aid="10069" money="0" sharing="0"/>
  <prop id="pantry_prop02.swf" name="" holdable="0" placeable="1" wearable="0" facing="left" thumb="" enable="N" is_premium="N" aid="10070" money="0" sharing="0"/>
  <prop id="msp_entry_door" name="" holdable="0" placeable="1" wearable="0" facing="left" thumb="msp_entry_door_entry_door_closed.swf" enable="N" is_premium="N" aid="10071" money="0" sharing="0">
    <state id="msp_entry_door_entry_door_open.swf" name="open" enable="Y"/>
    <state id="msp_entry_door_entry_door_closed.swf" name="closed" enable="Y" default="Y"/>
  </prop>
  <prop id="bridge_prop01.swf" name="" holdable="0" placeable="1" wearable="0" facing="left" thumb="" enable="N" is_premium="N" aid="10074" money="0" sharing="0"/>
  <prop id="spoon02.swf" name="spoon" holdable="1" placeable="1" wearable="0" facing="left" thumb="" enable="Y" is_premium="N" aid="10075" money="0" sharing="0"/>
  <prop id="pantry_table.swf" name="" holdable="0" placeable="1" wearable="0" facing="left" thumb="" enable="N" is_premium="N" aid="10076" money="0" sharing="0"/>
  <prop id="notes.swf" name="notes" holdable="1" placeable="1" wearable="0" facing="left" thumb="" enable="Y" is_premium="N" aid="10056" money="0" sharing="0"/>
  <prop id="pan.swf" name="pan" holdable="1" placeable="1" wearable="0" facing="left" thumb="" enable="Y" is_premium="N" aid="10055" money="0" sharing="0"/>
  <prop id="pencil.swf" name="pencil" holdable="1" placeable="1" wearable="0" facing="left" thumb="" enable="Y" is_premium="N" aid="10054" money="0" sharing="0"/>
  <prop id="blue_fruit02.swf" name="blueFruit" holdable="1" placeable="1" wearable="0" facing="left" thumb="" enable="Y" is_premium="N" aid="8880" money="0" sharing="0">
    <colorset enable="Y" aid="8881">
  <color r="chProp01">0x1DC0B4</color>
</colorset>
    <c_parts enable="Y">
  <c_area>chProp01</c_area>
</c_parts>
  </prop>
  <prop id="orange02.swf" name="orange" holdable="1" placeable="1" wearable="0" facing="left" thumb="" enable="Y" is_premium="N" aid="8882" money="0" sharing="0">
    <colorset enable="Y" aid="8883">
  <color r="chProp01">0xFD9924</color>
</colorset>
    <c_parts enable="Y">
  <c_area>chProp01</c_area>
</c_parts>
  </prop>
  <prop id="baffledorf02.swf" name="baffledorf" holdable="1" placeable="1" wearable="0" facing="left" thumb="" enable="Y" is_premium="N" aid="8884" money="0" sharing="0"/>
  <prop id="dofopod02.swf" name="dofopod" holdable="1" placeable="1" wearable="0" facing="left" thumb="" enable="Y" is_premium="N" aid="8885" money="0" sharing="0"/>
  <prop id="apple02.swf" name="apple" holdable="1" placeable="1" wearable="0" facing="left" thumb="" enable="Y" is_premium="N" aid="8886" money="0" sharing="0">
    <colorset enable="Y" aid="8887">
  <color r="chProp01">0xF03D3D</color>
</colorset>
    <c_parts enable="Y">
  <c_area>chProp01</c_area>
</c_parts>
  </prop>
  <prop id="metal_ball02.swf" name="Metal ball" holdable="1" placeable="1" wearable="0" facing="left" thumb="" enable="Y" is_premium="N" aid="8888" money="0" sharing="0"/>
  <prop id="rock02.swf" name="Rock" holdable="1" placeable="1" wearable="0" facing="left" thumb="" enable="Y" is_premium="N" aid="8889" money="0" sharing="0"/>
  <prop id="nofruit_moving02.swf" name="Nofruit moving" holdable="1" placeable="1" wearable="0" facing="left" thumb="" enable="Y" is_premium="N" aid="8890" money="0" sharing="0"/>
  <prop id="roller.swf" name="roller" holdable="1" placeable="1" wearable="0" facing="left" thumb="" enable="Y" is_premium="N" aid="10046" money="0" sharing="0"/>
  <prop id="book.swf" name="book" holdable="1" placeable="1" wearable="0" facing="left" thumb="" enable="Y" is_premium="N" aid="10047" money="0" sharing="0"/>
  <prop id="fruit.swf" name="fruit" holdable="1" placeable="1" wearable="0" facing="left" thumb="" enable="Y" is_premium="N" aid="10048" money="0" sharing="0"/>
  <prop id="cake.swf" name="cake" holdable="1" placeable="1" wearable="0" facing="left" thumb="" enable="Y" is_premium="N" aid="10049" money="0" sharing="0"/>
  <prop id="big_roller.swf" name="big roller" holdable="1" placeable="1" wearable="0" facing="left" thumb="" enable="Y" is_premium="N" aid="10050" money="0" sharing="0"/>
  <prop id="spoon.swf" name="spoon" holdable="1" placeable="1" wearable="0" facing="left" thumb="" enable="Y" is_premium="N" aid="10051" money="0" sharing="0"/>
  <prop id="marsipan.swf" name="marsipan" holdable="1" placeable="1" wearable="0" facing="left" thumb="" enable="Y" is_premium="N" aid="10052" money="0" sharing="0"/>
  <prop id="barrel.swf" name="barrel" holdable="0" placeable="1" wearable="0" facing="left" thumb="" enable="Y" is_premium="N" aid="10053" money="0" sharing="0"/>
  <prop id="entry_door_over.swf" name="" holdable="0" placeable="1" wearable="0" facing="left" thumb="" enable="N" is_premium="N" aid="10077" money="0" sharing="0"/>
  <prop id="pot.swf" name="Pot" holdable="1" placeable="1" wearable="0" facing="left" thumb="" enable="N" is_premium="N" aid="8541" money="0" sharing="0">
    <colorset enable="Y" aid="8542">
  <color r="chProp01">0xE4C364</color>
</colorset>
    <c_parts enable="Y">
  <c_area>chProp01</c_area>
</c_parts>
  </prop>
  <prop id="msp_fireplace" name="Fireplace" holdable="0" placeable="1" wearable="0" facing="left" thumb="msp_fireplace_fireplace_fire.swf" enable="Y" is_premium="N" aid="8568" money="0" sharing="0">
    <state id="msp_fireplace_fireplace_fire.swf" name="Fire" enable="Y" default="Y"/>
    <state id="msp_fireplace_fireplace_nofire.swf" name="No fire" enable="Y"/>
  </prop>
  <prop id="msp_big_pot" name="Big Pot" holdable="0" placeable="1" wearable="0" facing="left" thumb="msp_big_pot_big_pot.swf" enable="Y" is_premium="N" aid="8571" money="0" sharing="0">
    <state id="msp_big_pot_big_pot.swf" name="Empty" enable="Y" default="Y"/>
    <state id="msp_big_pot_msp_big_boiling_pot.swf" name="Boiling" enable="Y"/>
  </prop>
  <prop id="chipper_chopper_still.swf" name="Ole chipper chopper - still" holdable="0" placeable="1" wearable="0" facing="left" thumb="" enable="N" is_premium="N" aid="8574" money="0" sharing="0"/>
  <prop id="chipper_chopper_process.swf" name="Ole chipper chopper - processing" holdable="0" placeable="1" wearable="0" facing="left" thumb="" enable="N" is_premium="N" aid="8575" money="0" sharing="0"/>
  <prop id="chipper_chopper_output.swf" name="Ole chipper chopper - output" holdable="0" placeable="1" wearable="0" facing="left" thumb="" enable="N" is_premium="N" aid="8576" money="0" sharing="0"/>
  <prop id="msp_chipper_chopper" name="monster" holdable="0" placeable="1" wearable="0" facing="left" thumb="msp_chipper_chopper_chipper_chopper_still.swf" enable="Y" is_premium="N" aid="8577" money="0" sharing="0">
    <state id="msp_chipper_chopper_chipper_chopper_still.swf" name="Still" enable="Y" default="Y"/>
    <state id="msp_chipper_chopper_chipper_chopper_process.swf" name="Processing" enable="Y"/>
    <state id="msp_chipper_chopper_chipper_chopper_output.swf" name="Output" enable="Y"/>
    <colorset enable="Y" aid="8581">
  <color r="chProp01">0x669933</color>
</colorset>
    <c_parts enable="Y">
  <c_area>chProp01</c_area>
</c_parts>
  </prop>
  <prop id="rubbish_head.swf" name="Rubbish on face" holdable="0" placeable="1" wearable="1" facing="left" thumb="" enable="Y" is_premium="N" aid="8582" money="0" sharing="0"/>
  <prop id="stuff_head.swf" name="Stuff on head" holdable="0" placeable="1" wearable="1" facing="left" thumb="" enable="Y" is_premium="N" aid="8583" money="0" sharing="0"/>
  <prop id="explosion.swf" name="explosion FX" holdable="0" placeable="1" wearable="0" facing="left" thumb="" enable="Y" is_premium="N" aid="8584" money="0" sharing="0"/>
  <prop id="recipe_book.swf" name="recipe book from opening scene" holdable="0" placeable="1" wearable="0" facing="left" thumb="" enable="Y" is_premium="N" aid="8585" money="0" sharing="0"/>
  <prop id="mess_of_goop.swf" name="Mess of goop" holdable="0" placeable="1" wearable="0" facing="left" thumb="" enable="Y" is_premium="N" aid="8586" money="0" sharing="0">
    <colorset enable="Y" aid="8587">
  <color r="chProp01">0x66A622</color>
</colorset>
    <c_parts enable="Y">
  <c_area>chProp01</c_area>
</c_parts>
  </prop>
  <prop id="balloon.swf" name="Balloons" holdable="1" placeable="1" wearable="0" facing="left" thumb="" enable="N" is_premium="N" aid="8588" money="0" sharing="0"/>
  <prop id="fire.swf" name="Fire" holdable="0" placeable="1" wearable="0" facing="left" thumb="" enable="Y" is_premium="N" aid="8589" money="0" sharing="0"/>
  <prop id="clabbage_cobbler.swf" name="Clabbage cobbler" holdable="1" placeable="1" wearable="0" facing="left" thumb="" enable="N" is_premium="N" aid="8590" money="0" sharing="0"/>
  <prop id="nofruit.swf" name="Nofruit" holdable="1" placeable="1" wearable="0" facing="left" thumb="" enable="N" is_premium="N" aid="8591" money="0" sharing="0"/>
  <prop id="flibbius_flabbius.swf" name="Flibbius Flabbius" holdable="1" placeable="1" wearable="0" facing="left" thumb="" enable="N" is_premium="N" aid="8592" money="0" sharing="0">
    <colorset enable="Y" aid="8593">
  <color r="chProp01">0x1FBE1D</color>
</colorset>
    <c_parts enable="Y">
  <c_area>chProp01</c_area>
</c_parts>
  </prop>
  <prop id="fireplace_nofire.swf" name="Fireplace with bellows - no fire" holdable="0" placeable="1" wearable="0" facing="left" thumb="" enable="N" is_premium="N" aid="8567" money="0" sharing="0"/>
  <prop id="fireplace_fire.swf" name="Fireplace with bellows" holdable="0" placeable="1" wearable="0" facing="left" thumb="" enable="N" is_premium="N" aid="8566" money="0" sharing="0"/>
  <prop id="wedding_cake.swf" name="Wedding cake" holdable="0" placeable="1" wearable="0" facing="left" thumb="" enable="Y" is_premium="N" aid="8564" money="0" sharing="0">
    <colorset enable="Y" aid="8565">
  <color r="chProp01">0xBAD5E8</color>
</colorset>
    <colorset enable="Y" aid="8863">
  <color r="chProp01">0xBAD5E8</color>
</colorset>
    <c_parts enable="Y">
  <c_area>chProp01</c_area>
</c_parts>
  </prop>
  <prop id="spoon.swf" name="Spoon" holdable="1" placeable="1" wearable="0" facing="left" thumb="" enable="N" is_premium="N" aid="8543" money="0" sharing="0"/>
  <prop id="bowl.swf" name="Bowl" holdable="1" placeable="1" wearable="0" facing="left" thumb="" enable="N" is_premium="N" aid="8544" money="0" sharing="0"/>
  <prop id="knife.swf" name="Knife" holdable="1" placeable="1" wearable="0" facing="left" thumb="" enable="N" is_premium="N" aid="8545" money="0" sharing="0"/>
  <prop id="monster_still.swf" name="Monster - still" holdable="0" placeable="1" wearable="0" facing="left" thumb="" enable="N" is_premium="N" aid="8546" money="0" sharing="0"/>
  <prop id="monster_spit.swf" name="Monster - spit" holdable="0" placeable="1" wearable="0" facing="left" thumb="" enable="N" is_premium="N" aid="8547" money="0" sharing="0"/>
  <prop id="msp_monster" name="monster" holdable="0" placeable="1" wearable="0" facing="left" thumb="msp_monster_monster_still.swf" enable="Y" is_premium="N" aid="8548" money="0" sharing="0">
    <state id="msp_monster_monster_still.swf" name="Still" enable="Y" default="Y"/>
    <state id="msp_monster_monster_spit.swf" name="Spit" enable="Y"/>
    <colorset enable="Y" aid="8551">
  <color r="chProp01">0xC85B6E</color>
</colorset>
    <c_parts enable="Y">
  <c_area>chProp01</c_area>
</c_parts>
  </prop>
  <prop id="monster_head.swf" name="Monster" holdable="0" placeable="1" wearable="1" facing="left" thumb="" enable="Y" is_premium="N" aid="8552" money="0" sharing="0">
    <colorset enable="Y" aid="8553">
  <color r="chProp02">0xC85B6E</color>
</colorset>
    <c_parts enable="Y">
  <c_area>chProp02</c_area>
</c_parts>
  </prop>
  <prop id="vegetable_box.swf" name="Vegetable with wookden box" holdable="0" placeable="1" wearable="0" facing="left" thumb="" enable="Y" is_premium="N" aid="8554" money="0" sharing="0"/>
  <prop id="fork.swf" name="Fork" holdable="1" placeable="1" wearable="0" facing="left" thumb="" enable="N" is_premium="N" aid="8555" money="0" sharing="0"/>
  <prop id="stick.swf" name="Stick" holdable="1" placeable="1" wearable="0" facing="left" thumb="" enable="N" is_premium="N" aid="8556" money="0" sharing="0"/>
  <prop id="bag.swf" name="Bags" holdable="1" placeable="1" wearable="0" facing="left" thumb="" enable="N" is_premium="N" aid="8557" money="0" sharing="0"/>
  <prop id="stink_fx.swf" name="Stink fx" holdable="0" placeable="1" wearable="0" facing="left" thumb="" enable="Y" is_premium="N" aid="8559" money="0" sharing="0"/>
  <prop id="stinksack_chopper.swf" name="Stinksack chopper" holdable="1" placeable="1" wearable="0" facing="left" thumb="" enable="N" is_premium="N" aid="8560" money="0" sharing="0"/>
  <prop id="kimchi_float.swf" name="Kimchi - float" holdable="0" placeable="1" wearable="0" facing="left" thumb="" enable="N" is_premium="N" aid="8561" money="0" sharing="0"/>
  <prop id="kimchi_move.swf" name="Kimchi - move" holdable="0" placeable="1" wearable="0" facing="left" thumb="" enable="N" is_premium="N" aid="8562" money="0" sharing="0"/>
  <prop id="mop.swf" name="Mop" holdable="1" placeable="1" wearable="0" facing="left" thumb="" enable="N" is_premium="N" aid="8563" money="0" sharing="0"/>
  <prop id="grabble_still.swf" name="Grabbles - still" holdable="1" placeable="1" wearable="0" facing="left" thumb="" enable="N" is_premium="N" aid="8594" money="0" sharing="0">
    <colorset enable="Y" aid="8595">
  <color r="chProp01">0xA1C72B</color>
</colorset>
    <c_parts enable="Y">
  <c_area>chProp01</c_area>
</c_parts>
  </prop>
  <prop id="grabble_head.swf" name="Grabbles" holdable="0" placeable="1" wearable="1" facing="left" thumb="" enable="N" is_premium="N" aid="8596" money="0" sharing="0">
    <colorset enable="Y" aid="8597">
  <color r="chProp02">0xA1C72B</color>
</colorset>
    <c_parts enable="Y">
  <c_area>chProp02</c_area>
</c_parts>
  </prop>
  <prop id="msp_flufferbun" name="Flufferbun" holdable="0" placeable="1" wearable="0" facing="left" thumb="msp_flufferbun_flufferbun.swf" enable="Y" is_premium="N" aid="8629" money="0" sharing="0">
    <state id="msp_flufferbun_flufferbun.swf" name="Still" enable="Y" default="Y"/>
    <state id="msp_flufferbun_flufferbun_hit.swf" name="Hit" enable="Y"/>
  </prop>
  <prop id="baffledorf.swf" name="baffledorf" holdable="1" placeable="1" wearable="0" facing="left" thumb="" enable="N" is_premium="N" aid="8632" money="0" sharing="0"/>
  <prop id="dofopod.swf" name="dofopod" holdable="1" placeable="1" wearable="0" facing="left" thumb="" enable="N" is_premium="N" aid="8633" money="0" sharing="0"/>
  <prop id="apple.swf" name="apple" holdable="1" placeable="1" wearable="0" facing="left" thumb="" enable="N" is_premium="N" aid="8634" money="0" sharing="0">
    <colorset enable="Y" aid="8635">
  <color r="chProp01">0xF03D3D</color>
</colorset>
    <c_parts enable="Y">
  <c_area>chProp01</c_area>
</c_parts>
  </prop>
  <prop id="metal_ball.swf" name="Metal ball" holdable="1" placeable="1" wearable="0" facing="left" thumb="" enable="N" is_premium="N" aid="8636" money="0" sharing="0"/>
  <prop id="nail.swf" name="Nail" holdable="1" placeable="1" wearable="0" facing="left" thumb="" enable="N" is_premium="N" aid="8637" money="0" sharing="0"/>
  <prop id="rock.swf" name="Rock" holdable="1" placeable="1" wearable="0" facing="left" thumb="" enable="N" is_premium="N" aid="8638" money="0" sharing="0"/>
  <prop id="nofruit_moving.swf" name="Nofruit moving" holdable="1" placeable="1" wearable="0" facing="left" thumb="" enable="N" is_premium="N" aid="8639" money="0" sharing="0"/>
  <prop id="msp_jingleberry" name="Jingleberry" holdable="0" placeable="1" wearable="0" facing="left" thumb="msp_jingleberry_jingleberry_stand.swf" enable="Y" is_premium="N" aid="8640" money="0" sharing="0">
    <state id="msp_jingleberry_jingleberry_stand.swf" name="Still" enable="Y" default="Y"/>
    <state id="msp_jingleberry_jingleberry_walk.swf" name="Walk" enable="Y"/>
    <state id="msp_jingleberry_jingleberry_talk.swf" name="Talk" enable="Y"/>
    <colorset enable="Y" aid="8644">
  <color r="chProp01">0xF14FB6</color>
</colorset>
    <c_parts enable="Y">
  <c_area>chProp01</c_area>
</c_parts>
  </prop>
  <prop id="kitchen01_prop01.swf" name="prop 01" holdable="0" placeable="1" wearable="0" facing="left" thumb="" enable="N" is_premium="N" aid="8645" money="0" sharing="0"/>
  <prop id="kitchen01_prop02.swf" name="prop 02" holdable="0" placeable="1" wearable="0" facing="left" thumb="" enable="N" is_premium="N" aid="8646" money="0" sharing="0"/>
  <prop id="kitchen01_prop03.swf" name="prop 03" holdable="0" placeable="1" wearable="0" facing="left" thumb="" enable="N" is_premium="N" aid="8647" money="0" sharing="0"/>
  <prop id="kitchen02_prop01.swf" name="prop 01" holdable="0" placeable="1" wearable="0" facing="left" thumb="" enable="N" is_premium="N" aid="8648" money="0" sharing="0"/>
  <prop id="kitchen02_prop02.swf" name="prop 02" holdable="0" placeable="1" wearable="0" facing="left" thumb="" enable="N" is_premium="N" aid="8649" money="0" sharing="0"/>
  <prop id="kitchen03_prop01.swf" name="prop 01" holdable="0" placeable="1" wearable="0" facing="left" thumb="" enable="N" is_premium="N" aid="8650" money="0" sharing="0"/>
  <prop id="kitchen03_prop02.swf" name="prop 02" holdable="0" placeable="1" wearable="0" facing="left" thumb="" enable="N" is_premium="N" aid="8651" money="0" sharing="0"/>
  <prop id="flufferbun.swf" name="flufferbun" holdable="1" placeable="1" wearable="0" facing="left" thumb="" enable="N" is_premium="N" aid="8628" money="0" sharing="0"/>
  <prop id="orange.swf" name="orange" holdable="1" placeable="1" wearable="0" facing="left" thumb="" enable="N" is_premium="N" aid="8626" money="0" sharing="0">
    <colorset enable="Y" aid="8627">
  <color r="chProp01">0xFD9924</color>
</colorset>
    <c_parts enable="Y">
  <c_area>chProp01</c_area>
</c_parts>
  </prop>
  <prop id="kitchen03_prop03.swf" name="prop 03" holdable="0" placeable="1" wearable="0" facing="left" thumb="" enable="N" is_premium="N" aid="8652" money="0" sharing="0"/>
  <prop id="powdered_flart.swf" name="Powdered Flarts" holdable="1" placeable="1" wearable="0" facing="left" thumb="" enable="N" is_premium="N" aid="8598" money="0" sharing="0">
    <colorset enable="Y" aid="8599">
  <color r="chProp01">0x99173D</color>
</colorset>
    <c_parts enable="Y">
  <c_area>chProp01</c_area>
</c_parts>
  </prop>
  <prop id="mevilled_eggs.swf" name="Mevilled Eggs" holdable="1" placeable="1" wearable="0" facing="left" thumb="" enable="N" is_premium="N" aid="8600" money="0" sharing="0"/>
  <prop id="flibbius_flabbiusplant_still.swf" name="Flibbius Flabbius plant - still" holdable="0" placeable="1" wearable="0" facing="left" thumb="" enable="N" is_premium="N" aid="8601" money="0" sharing="0"/>
  <prop id="flibbius_flabbiusplant_spit.swf" name="Flibbius Flabbius plant - spit" holdable="0" placeable="1" wearable="0" facing="left" thumb="" enable="N" is_premium="N" aid="8602" money="0" sharing="0"/>
  <prop id="msp_flibbius_flabbiusplant" name="Flibbius_Flabbiusplant" holdable="0" placeable="1" wearable="0" facing="left" thumb="msp_flibbius_flabbiusplant_flibbius_flabbiusplant_still.swf" enable="Y" is_premium="N" aid="8603" money="0" sharing="0">
    <state id="msp_flibbius_flabbiusplant_flibbius_flabbiusplant_still.swf" name="Still" enable="Y" default="Y"/>
    <state id="msp_flibbius_flabbiusplant_flibbius_flabbiusplant_spit.swf" name="Spit" enable="Y"/>
  </prop>
  <prop id="stinksack.swf" name="Stinksack" holdable="1" placeable="1" wearable="0" facing="left" thumb="" enable="N" is_premium="N" aid="8606" money="0" sharing="0"/>
  <prop id="msp_stinksack" name="Stinksack" holdable="0" placeable="1" wearable="0" facing="left" thumb="msp_stinksack_stinksack.swf" enable="Y" is_premium="N" aid="8607" money="0" sharing="0">
    <state id="msp_stinksack_stinksack.swf" name="Still" enable="Y" default="Y"/>
    <state id="msp_stinksack_stinksack_fx.swf" name="Smoke" enable="Y"/>
  </prop>
  <prop id="twelve_legs_cave_frog.swf" name="twelve legs cave frog" holdable="1" placeable="1" wearable="0" facing="left" thumb="" enable="N" is_premium="N" aid="8610" money="0" sharing="0"/>
  <prop id="tubblekin.swf" name="tubblekin" holdable="1" placeable="1" wearable="0" facing="left" thumb="" enable="N" is_premium="N" aid="8611" money="0" sharing="0"/>
  <prop id="melon.swf" name="melon" holdable="1" placeable="1" wearable="0" facing="left" thumb="" enable="N" is_premium="N" aid="8612" money="0" sharing="0">
    <colorset enable="Y" aid="8613">
  <color r="chProp01">0xD29A39</color>
</colorset>
    <c_parts enable="Y">
  <c_area>chProp01</c_area>
</c_parts>
  </prop>
  <prop id="jellyberries.swf" name="jellyberries" holdable="1" placeable="1" wearable="0" facing="left" thumb="" enable="N" is_premium="N" aid="8614" money="0" sharing="0"/>
  <prop id="msp_jellyberries" name="Jellyberries" holdable="0" placeable="1" wearable="0" facing="left" thumb="msp_jellyberries_jellyberries.swf" enable="Y" is_premium="N" aid="8615" money="0" sharing="0">
    <state id="msp_jellyberries_jellyberries.swf" name="Still" enable="Y" default="Y"/>
    <state id="msp_jellyberries_jellyberries_hit.swf" name="Hit" enable="Y"/>
  </prop>
  <prop id="dadgerbean.swf" name="dadgerbean" holdable="1" placeable="1" wearable="0" facing="left" thumb="" enable="N" is_premium="N" aid="8618" money="0" sharing="0"/>
  <prop id="msp_dadgerbean" name="Dadgerbean" holdable="0" placeable="1" wearable="0" facing="left" thumb="msp_dadgerbean_dadgerbean.swf" enable="Y" is_premium="N" aid="8619" money="0" sharing="0">
    <state id="msp_dadgerbean_dadgerbean.swf" name="Still" enable="Y" default="Y"/>
    <state id="msp_dadgerbean_dadgerbean_hit.swf" name="Hit" enable="Y"/>
  </prop>
  <prop id="coconut.swf" name="coconut" holdable="1" placeable="1" wearable="0" facing="left" thumb="" enable="N" is_premium="N" aid="8622" money="0" sharing="0">
    <colorset enable="Y" aid="8623">
  <color r="chProp01">0x9D8065</color>
</colorset>
    <c_parts enable="Y">
  <c_area>chProp01</c_area>
</c_parts>
  </prop>
  <prop id="blue_fruit.swf" name="blueFruit" holdable="1" placeable="1" wearable="0" facing="left" thumb="" enable="N" is_premium="N" aid="8624" money="0" sharing="0">
    <colorset enable="Y" aid="8625">
  <color r="chProp01">0x1DC0B4</color>
</colorset>
    <c_parts enable="Y">
  <c_area>chProp01</c_area>
</c_parts>
  </prop>
  <prop id="snail_car.swf" name="Snail car" holdable="0" placeable="1" wearable="0" facing="left" thumb="" enable="Y" is_premium="N" aid="8558" money="0" sharing="0"/>
  <prop id="snail_car_cover.swf" name="Snail car Cover" holdable="0" placeable="1" wearable="0" facing="left" thumb="" enable="Y" is_premium="N" aid="8852" money="0" sharing="0"/>
  <effect id="transition01_FI.swf" type="ANIME" resize="false" move="false" name="Lemons in" enable="Y" is_premium="N" aid="8848" money="0" sharing="0" display_order="0"/>
  <effect id="transition01_FO.swf" type="ANIME" resize="false" move="false" name="Lemons out" enable="Y" is_premium="N" aid="8849" money="0" sharing="0" display_order="0"/>
  <effect id="transition02_FI.swf" type="ANIME" resize="false" move="false" name="Yellow peppers In" enable="Y" is_premium="N" aid="8850" money="0" sharing="0" display_order="0"/>
  <effect id="transition02_FO.swf" type="ANIME" resize="false" move="false" name="Yellow peppers Out" enable="Y" is_premium="N" aid="8851" money="0" sharing="0" display_order="0"/>
</theme>
